job.name,scen.name,rep.name,rep.methods,model,coef_of_interest,N,imp_m,imp_maxit,mice_method,dag_name,method,bhat,bhat_lo,bhat_hi,bhat_width,overall.error,beta,form_string,gold_form_string,sancheck.prop_complete,sancheck.di_ours.vars
job_1,1,1,gold ; MVN-CC-ours ; Am-ours,OLS,(Intercept),1000,5,100,norm,1B,gold,0.0415472640661809,-0.0948712322493497,0.177965760381711,0.272836992631061,,0,A ~ 1,A1 ~ 1,0.525,C A
job_1,1,1,gold ; MVN-CC-ours ; Am-ours,OLS,(Intercept),1000,5,100,norm,1B,MVN-CC-ours,-0.00772350660059365,-0.193016702750198,0.177569689549011,0.370586392299209,,0,A ~ 1,A1 ~ 1,0.525,C A
job_1,1,1,gold ; MVN-CC-ours ; Am-ours,OLS,(Intercept),1000,5,100,norm,1B,Am-ours,0.0435863801002291,-0.14314694194971,0.230319702150169,0.373466644099879,,0,A ~ 1,A1 ~ 1,0.525,C A
job_1,1,2,gold ; MVN-CC-ours ; Am-ours,OLS,(Intercept),1000,5,100,norm,1B,gold,0.0586850966344959,-0.0802560817262211,0.197626274995213,0.277882356721434,,0,A ~ 1,A1 ~ 1,0.531,C A
job_1,1,2,gold ; MVN-CC-ours ; Am-ours,OLS,(Intercept),1000,5,100,norm,1B,MVN-CC-ours,0.158836466609689,-0.0405590520694113,0.358231985288789,0.3987910373582,,0,A ~ 1,A1 ~ 1,0.531,C A
job_1,1,2,gold ; MVN-CC-ours ; Am-ours,OLS,(Intercept),1000,5,100,norm,1B,Am-ours,0.141606634249609,-0.057453770202329,0.340667038701547,0.398120808903876,,0,A ~ 1,A1 ~ 1,0.531,C A
job_1,1,3,gold ; MVN-CC-ours ; Am-ours,OLS,(Intercept),1000,5,100,norm,1B,gold,-0.022769615111035,-0.163589136500133,0.118049906278063,0.281639042778195,,0,A ~ 1,A1 ~ 1,0.487,C A
job_1,1,3,gold ; MVN-CC-ours ; Am-ours,OLS,(Intercept),1000,5,100,norm,1B,MVN-CC-ours,-0.113391198312658,-0.305889442749405,0.0791070461240882,0.384996488873493,,0,A ~ 1,A1 ~ 1,0.487,C A
job_1,1,3,gold ; MVN-CC-ours ; Am-ours,OLS,(Intercept),1000,5,100,norm,1B,Am-ours,-0.152417755358939,-0.390265218156095,0.085429707438217,0.475694925594312,,0,A ~ 1,A1 ~ 1,0.487,C A
job_1,1,4,gold ; MVN-CC-ours ; Am-ours,OLS,(Intercept),1000,5,100,norm,1B,gold,-0.0350742390524949,-0.171075112285231,0.100926634180241,0.272001746465472,,0,A ~ 1,A1 ~ 1,0.523,C A
job_1,1,4,gold ; MVN-CC-ours ; Am-ours,OLS,(Intercept),1000,5,100,norm,1B,MVN-CC-ours,-0.162714662193197,-0.364023477429261,0.0385941530428669,0.402617630472128,,0,A ~ 1,A1 ~ 1,0.523,C A
job_1,1,4,gold ; MVN-CC-ours ; Am-ours,OLS,(Intercept),1000,5,100,norm,1B,Am-ours,-0.143447176966232,-0.299980687209986,0.0130863332775221,0.313067020487508,,0,A ~ 1,A1 ~ 1,0.523,C A
job_1,1,5,gold ; MVN-CC-ours ; Am-ours,OLS,(Intercept),1000,5,100,norm,1B,gold,0.0469503518697563,-0.0874013069221108,0.181302010661623,0.268703317583734,,0,A ~ 1,A1 ~ 1,0.51,C A
job_1,1,5,gold ; MVN-CC-ours ; Am-ours,OLS,(Intercept),1000,5,100,norm,1B,MVN-CC-ours,0.00722308987766034,-0.242191644629327,0.256637824384648,0.498829469013975,,0,A ~ 1,A1 ~ 1,0.51,C A
job_1,1,5,gold ; MVN-CC-ours ; Am-ours,OLS,(Intercept),1000,5,100,norm,1B,Am-ours,-0.0680496959872583,-0.325656837844774,0.189557445870257,0.515214283715031,,0,A ~ 1,A1 ~ 1,0.51,C A
job_1,1,6,gold ; MVN-CC-ours ; Am-ours,OLS,(Intercept),1000,5,100,norm,1B,gold,-0.0689713007901094,-0.2043463125457,0.0664037109654808,0.27075002351118,,0,A ~ 1,A1 ~ 1,0.489,C A
job_1,1,6,gold ; MVN-CC-ours ; Am-ours,OLS,(Intercept),1000,5,100,norm,1B,MVN-CC-ours,-0.118048603427095,-0.343646502868115,0.107549296013925,0.45119579888204,,0,A ~ 1,A1 ~ 1,0.489,C A
job_1,1,6,gold ; MVN-CC-ours ; Am-ours,OLS,(Intercept),1000,5,100,norm,1B,Am-ours,-0.166267135028849,-0.412188339727683,0.079654069669986,0.491842409397669,,0,A ~ 1,A1 ~ 1,0.489,C A
job_1,1,7,gold ; MVN-CC-ours ; Am-ours,OLS,(Intercept),1000,5,100,norm,1B,gold,-0.000548228212587298,-0.138731666422463,0.137635209997289,0.276366876419752,,0,A ~ 1,A1 ~ 1,0.51,C A
job_1,1,7,gold ; MVN-CC-ours ; Am-ours,OLS,(Intercept),1000,5,100,norm,1B,MVN-CC-ours,-0.0940350536275083,-0.399877113736958,0.211807006481941,0.611684120218899,,0,A ~ 1,A1 ~ 1,0.51,C A
job_1,1,7,gold ; MVN-CC-ours ; Am-ours,OLS,(Intercept),1000,5,100,norm,1B,Am-ours,-0.0204614938329041,-0.222269777771956,0.181346790106147,0.403616567878103,,0,A ~ 1,A1 ~ 1,0.51,C A
job_1,1,8,gold ; MVN-CC-ours ; Am-ours,OLS,(Intercept),1000,5,100,norm,1B,gold,-0.0189910369990729,-0.153701227166135,0.11571915316799,0.269420380334125,,0,A ~ 1,A1 ~ 1,0.528,C A
job_1,1,8,gold ; MVN-CC-ours ; Am-ours,OLS,(Intercept),1000,5,100,norm,1B,MVN-CC-ours,-0.0123148692215245,-0.178677072297599,0.15404733385455,0.332724406152149,,0,A ~ 1,A1 ~ 1,0.528,C A
job_1,1,8,gold ; MVN-CC-ours ; Am-ours,OLS,(Intercept),1000,5,100,norm,1B,Am-ours,0.0468653863171859,-0.209100100174894,0.302830872809266,0.51193097298416,,0,A ~ 1,A1 ~ 1,0.528,C A
job_1,1,9,gold ; MVN-CC-ours ; Am-ours,OLS,(Intercept),1000,5,100,norm,1B,gold,-0.0049693212183251,-0.143807399402222,0.133868756965572,0.277676156367794,,0,A ~ 1,A1 ~ 1,0.48,C A
job_1,1,9,gold ; MVN-CC-ours ; Am-ours,OLS,(Intercept),1000,5,100,norm,1B,MVN-CC-ours,-0.194328146223806,-0.352299770440989,-0.036356522006622,0.315943248434367,,0,A ~ 1,A1 ~ 1,0.48,C A
job_1,1,9,gold ; MVN-CC-ours ; Am-ours,OLS,(Intercept),1000,5,100,norm,1B,Am-ours,-0.103651555400869,-0.434242525154374,0.226939414352637,0.661181939507011,,0,A ~ 1,A1 ~ 1,0.48,C A
job_1,1,10,gold ; MVN-CC-ours ; Am-ours,OLS,(Intercept),1000,5,100,norm,1B,gold,-0.0682712200919651,-0.208252022723981,0.0717095825400506,0.279961605264032,,0,A ~ 1,A1 ~ 1,0.514,C A
job_1,1,10,gold ; MVN-CC-ours ; Am-ours,OLS,(Intercept),1000,5,100,norm,1B,MVN-CC-ours,-0.04593609612227,-0.323132032920425,0.231259840675885,0.55439187359631,,0,A ~ 1,A1 ~ 1,0.514,C A
job_1,1,10,gold ; MVN-CC-ours ; Am-ours,OLS,(Intercept),1000,5,100,norm,1B,Am-ours,-0.108556611091673,-0.302896492524164,0.0857832703408178,0.388679762864982,,0,A ~ 1,A1 ~ 1,0.514,C A
job_1,1,11,gold ; MVN-CC-ours ; Am-ours,OLS,(Intercept),1000,5,100,norm,1B,gold,-0.0641082083404353,-0.206084481367193,0.0778680646863221,0.283952546053515,,0,A ~ 1,A1 ~ 1,0.501,C A
job_1,1,11,gold ; MVN-CC-ours ; Am-ours,OLS,(Intercept),1000,5,100,norm,1B,MVN-CC-ours,-0.0785450362493402,-0.236687630226146,0.0795975577274653,0.316285187953611,,0,A ~ 1,A1 ~ 1,0.501,C A
job_1,1,11,gold ; MVN-CC-ours ; Am-ours,OLS,(Intercept),1000,5,100,norm,1B,Am-ours,-0.0994036038802349,-0.34481459495094,0.14600738719047,0.49082198214141,,0,A ~ 1,A1 ~ 1,0.501,C A
job_1,1,12,gold ; MVN-CC-ours ; Am-ours,OLS,(Intercept),1000,5,100,norm,1B,gold,0.0756686390336752,-0.0616159641862931,0.212953242253643,0.274569206439937,,0,A ~ 1,A1 ~ 1,0.502,C A
job_1,1,12,gold ; MVN-CC-ours ; Am-ours,OLS,(Intercept),1000,5,100,norm,1B,MVN-CC-ours,0.0234580797898594,-0.19438276764599,0.241298927225709,0.435681694871699,,0,A ~ 1,A1 ~ 1,0.502,C A
job_1,1,12,gold ; MVN-CC-ours ; Am-ours,OLS,(Intercept),1000,5,100,norm,1B,Am-ours,0.02146254669677,-0.212239604756127,0.255164698149667,0.467404302905794,,0,A ~ 1,A1 ~ 1,0.502,C A
job_1,1,13,gold ; MVN-CC-ours ; Am-ours,OLS,(Intercept),1000,5,100,norm,1B,gold,0.0388142848639733,-0.0977529138379356,0.175381483565882,0.273134397403818,,0,A ~ 1,A1 ~ 1,0.476,C A
job_1,1,13,gold ; MVN-CC-ours ; Am-ours,OLS,(Intercept),1000,5,100,norm,1B,MVN-CC-ours,0.0624381002847288,-0.198800233177972,0.323676433747429,0.522476666925401,,0,A ~ 1,A1 ~ 1,0.476,C A
job_1,1,13,gold ; MVN-CC-ours ; Am-ours,OLS,(Intercept),1000,5,100,norm,1B,Am-ours,0.0597132843635236,-0.138731276048825,0.258157844775873,0.396889120824698,,0,A ~ 1,A1 ~ 1,0.476,C A
job_1,1,14,gold ; MVN-CC-ours ; Am-ours,OLS,(Intercept),1000,5,100,norm,1B,gold,0.0667063474681322,-0.06833818125542,0.201750876191684,0.270089057447104,,0,A ~ 1,A1 ~ 1,0.54,C A
job_1,1,14,gold ; MVN-CC-ours ; Am-ours,OLS,(Intercept),1000,5,100,norm,1B,MVN-CC-ours,0.063476676043883,-0.165833550183229,0.292786902270995,0.458620452454225,,0,A ~ 1,A1 ~ 1,0.54,C A
job_1,1,14,gold ; MVN-CC-ours ; Am-ours,OLS,(Intercept),1000,5,100,norm,1B,Am-ours,0.0980442695948784,-0.0752217352676081,0.271310274457365,0.346532009724973,,0,A ~ 1,A1 ~ 1,0.54,C A
job_1,1,15,gold ; MVN-CC-ours ; Am-ours,OLS,(Intercept),1000,5,100,norm,1B,gold,-0.0185541037181322,-0.155769049869186,0.118660842432921,0.274429892302107,,0,A ~ 1,A1 ~ 1,0.516,C A
job_1,1,15,gold ; MVN-CC-ours ; Am-ours,OLS,(Intercept),1000,5,100,norm,1B,MVN-CC-ours,0.0384610490863332,-0.149663156425896,0.226585254598562,0.376248411024458,,0,A ~ 1,A1 ~ 1,0.516,C A
job_1,1,15,gold ; MVN-CC-ours ; Am-ours,OLS,(Intercept),1000,5,100,norm,1B,Am-ours,-0.0368239585411963,-0.227061452888291,0.153413535805898,0.380474988694189,,0,A ~ 1,A1 ~ 1,0.516,C A
job_1,1,16,gold ; MVN-CC-ours ; Am-ours,OLS,(Intercept),1000,5,100,norm,1B,gold,0.166487889561715,0.0258326285552541,0.307143150568175,0.281310522012921,,0,A ~ 1,A1 ~ 1,0.489,C A
job_1,1,16,gold ; MVN-CC-ours ; Am-ours,OLS,(Intercept),1000,5,100,norm,1B,MVN-CC-ours,0.0947492787533254,-0.199927298683917,0.389425856190568,0.589353154874485,,0,A ~ 1,A1 ~ 1,0.489,C A
job_1,1,16,gold ; MVN-CC-ours ; Am-ours,OLS,(Intercept),1000,5,100,norm,1B,Am-ours,0.109596163869565,-0.0840619660637687,0.303254293802899,0.387316259866667,,0,A ~ 1,A1 ~ 1,0.489,C A
job_1,1,17,gold ; MVN-CC-ours ; Am-ours,OLS,(Intercept),1000,5,100,norm,1B,gold,0.0103376488404691,-0.128914171774633,0.149589469455571,0.278503641230204,,0,A ~ 1,A1 ~ 1,0.478,C A
job_1,1,17,gold ; MVN-CC-ours ; Am-ours,OLS,(Intercept),1000,5,100,norm,1B,MVN-CC-ours,-0.102746281275242,-0.261307593744932,0.0558150311944478,0.31712262493938,,0,A ~ 1,A1 ~ 1,0.478,C A
job_1,1,17,gold ; MVN-CC-ours ; Am-ours,OLS,(Intercept),1000,5,100,norm,1B,Am-ours,-0.187410859466038,-0.474261250995653,0.0994395320635774,0.57370078305923,,0,A ~ 1,A1 ~ 1,0.478,C A
job_1,1,18,gold ; MVN-CC-ours ; Am-ours,OLS,(Intercept),1000,5,100,norm,1B,gold,0.0106141613089045,-0.127522097020151,0.14875041963796,0.276272516658112,,0,A ~ 1,A1 ~ 1,0.497,C A
job_1,1,18,gold ; MVN-CC-ours ; Am-ours,OLS,(Intercept),1000,5,100,norm,1B,MVN-CC-ours,0.101325389120639,-0.0974101298879424,0.300060908129221,0.397471038017164,,0,A ~ 1,A1 ~ 1,0.497,C A
job_1,1,18,gold ; MVN-CC-ours ; Am-ours,OLS,(Intercept),1000,5,100,norm,1B,Am-ours,0.0541558586067393,-0.101816808581779,0.210128525795257,0.311945334377036,,0,A ~ 1,A1 ~ 1,0.497,C A
job_1,1,19,gold ; MVN-CC-ours ; Am-ours,OLS,(Intercept),1000,5,100,norm,1B,gold,-0.0723171479086138,-0.21588807744882,0.0712537816315925,0.287141859080413,,0,A ~ 1,A1 ~ 1,0.505,C A
job_1,1,19,gold ; MVN-CC-ours ; Am-ours,OLS,(Intercept),1000,5,100,norm,1B,MVN-CC-ours,-0.0881383549156103,-0.296519018722904,0.120242308891683,0.416761327614587,,0,A ~ 1,A1 ~ 1,0.505,C A
job_1,1,19,gold ; MVN-CC-ours ; Am-ours,OLS,(Intercept),1000,5,100,norm,1B,Am-ours,-0.178129394241303,-0.412806210746866,0.0565474222642606,0.469353633011126,,0,A ~ 1,A1 ~ 1,0.505,C A
job_1,1,20,gold ; MVN-CC-ours ; Am-ours,OLS,(Intercept),1000,5,100,norm,1B,gold,-0.0646577895991195,-0.204997747332624,0.0756821681343847,0.280679915467009,,0,A ~ 1,A1 ~ 1,0.497,C A
job_1,1,20,gold ; MVN-CC-ours ; Am-ours,OLS,(Intercept),1000,5,100,norm,1B,MVN-CC-ours,-0.157975425408668,-0.447718135138591,0.131767284321254,0.579485419459845,,0,A ~ 1,A1 ~ 1,0.497,C A
job_1,1,20,gold ; MVN-CC-ours ; Am-ours,OLS,(Intercept),1000,5,100,norm,1B,Am-ours,-0.256105724692582,-0.549487920492606,0.0372764711074411,0.586764391600047,,0,A ~ 1,A1 ~ 1,0.497,C A
job_1,1,21,gold ; MVN-CC-ours ; Am-ours,OLS,(Intercept),1000,5,100,norm,1B,gold,0.040185414566298,-0.0971379339874352,0.177508763120031,0.274646697107466,,0,A ~ 1,A1 ~ 1,0.528,C A
job_1,1,21,gold ; MVN-CC-ours ; Am-ours,OLS,(Intercept),1000,5,100,norm,1B,MVN-CC-ours,0.190420533266871,-0.0599101367340996,0.440751203267841,0.50066134000194,,0,A ~ 1,A1 ~ 1,0.528,C A
job_1,1,21,gold ; MVN-CC-ours ; Am-ours,OLS,(Intercept),1000,5,100,norm,1B,Am-ours,0.159274820860243,-0.0603522572483964,0.378901898968882,0.439254156217278,,0,A ~ 1,A1 ~ 1,0.528,C A
job_1,1,22,gold ; MVN-CC-ours ; Am-ours,OLS,(Intercept),1000,5,100,norm,1B,gold,-0.0426380977910023,-0.18580262263476,0.100526427052756,0.286329049687516,,0,A ~ 1,A1 ~ 1,0.514,C A
job_1,1,22,gold ; MVN-CC-ours ; Am-ours,OLS,(Intercept),1000,5,100,norm,1B,MVN-CC-ours,0.0525744688714597,-0.133706249927939,0.238855187670859,0.372561437598798,,0,A ~ 1,A1 ~ 1,0.514,C A
job_1,1,22,gold ; MVN-CC-ours ; Am-ours,OLS,(Intercept),1000,5,100,norm,1B,Am-ours,0.0617901262417829,-0.0911130705817063,0.214693323065272,0.305806393646978,,0,A ~ 1,A1 ~ 1,0.514,C A
job_1,1,23,gold ; MVN-CC-ours ; Am-ours,OLS,(Intercept),1000,5,100,norm,1B,gold,0.00414164814787243,-0.135027640659638,0.143310936955383,0.278338577615021,,0,A ~ 1,A1 ~ 1,0.487,C A
job_1,1,23,gold ; MVN-CC-ours ; Am-ours,OLS,(Intercept),1000,5,100,norm,1B,MVN-CC-ours,-0.073855386174088,-0.337678899928418,0.189968127580242,0.527647027508661,,0,A ~ 1,A1 ~ 1,0.487,C A
job_1,1,23,gold ; MVN-CC-ours ; Am-ours,OLS,(Intercept),1000,5,100,norm,1B,Am-ours,-0.0486413479414371,-0.332694686951975,0.235411991069101,0.568106678021076,,0,A ~ 1,A1 ~ 1,0.487,C A
job_1,1,24,gold ; MVN-CC-ours ; Am-ours,OLS,(Intercept),1000,5,100,norm,1B,gold,-0.0419742024677371,-0.183999001342798,0.100050596407324,0.284049597750122,,0,A ~ 1,A1 ~ 1,0.51,C A
job_1,1,24,gold ; MVN-CC-ours ; Am-ours,OLS,(Intercept),1000,5,100,norm,1B,MVN-CC-ours,0.0100379134852565,-0.218495194977804,0.238571021948317,0.45706621692612,,0,A ~ 1,A1 ~ 1,0.51,C A
job_1,1,24,gold ; MVN-CC-ours ; Am-ours,OLS,(Intercept),1000,5,100,norm,1B,Am-ours,0.0691516090272545,-0.0797309540910271,0.218034172145536,0.297765126236563,,0,A ~ 1,A1 ~ 1,0.51,C A
job_1,1,25,gold ; MVN-CC-ours ; Am-ours,OLS,(Intercept),1000,5,100,norm,1B,gold,0.0381104736371184,-0.0959238181825846,0.172144765456821,0.268068583639406,,0,A ~ 1,A1 ~ 1,0.507,C A
job_1,1,25,gold ; MVN-CC-ours ; Am-ours,OLS,(Intercept),1000,5,100,norm,1B,MVN-CC-ours,0.108446069510505,-0.0501750976709884,0.267067236691998,0.317242334362986,,0,A ~ 1,A1 ~ 1,0.507,C A
job_1,1,25,gold ; MVN-CC-ours ; Am-ours,OLS,(Intercept),1000,5,100,norm,1B,Am-ours,0.0552721868373599,-0.216322915359977,0.326867289034697,0.543190204394674,,0,A ~ 1,A1 ~ 1,0.507,C A
job_1,1,26,gold ; MVN-CC-ours ; Am-ours,OLS,(Intercept),1000,5,100,norm,1B,gold,0.0113031109773359,-0.132743363335405,0.155349585290077,0.288092948625482,,0,A ~ 1,A1 ~ 1,0.505,C A
job_1,1,26,gold ; MVN-CC-ours ; Am-ours,OLS,(Intercept),1000,5,100,norm,1B,MVN-CC-ours,-0.0610208766089803,-0.245294826978729,0.123253073760769,0.368547900739498,,0,A ~ 1,A1 ~ 1,0.505,C A
job_1,1,26,gold ; MVN-CC-ours ; Am-ours,OLS,(Intercept),1000,5,100,norm,1B,Am-ours,0.0124339055541322,-0.251800683223953,0.276668494332217,0.52846917755617,,0,A ~ 1,A1 ~ 1,0.505,C A
job_1,1,27,gold ; MVN-CC-ours ; Am-ours,OLS,(Intercept),1000,5,100,norm,1B,gold,-0.0534602600823339,-0.195231987984873,0.0883114678202049,0.283543455805078,,0,A ~ 1,A1 ~ 1,0.513,C A
job_1,1,27,gold ; MVN-CC-ours ; Am-ours,OLS,(Intercept),1000,5,100,norm,1B,MVN-CC-ours,-0.0454102762350492,-0.352164378096639,0.261343825626541,0.613508203723179,,0,A ~ 1,A1 ~ 1,0.513,C A
job_1,1,27,gold ; MVN-CC-ours ; Am-ours,OLS,(Intercept),1000,5,100,norm,1B,Am-ours,-0.0309239190787076,-0.241772897273186,0.179925059115771,0.421697956388957,,0,A ~ 1,A1 ~ 1,0.513,C A
job_1,1,28,gold ; MVN-CC-ours ; Am-ours,OLS,(Intercept),1000,5,100,norm,1B,gold,-0.0353919072263309,-0.17464151663114,0.103857702178479,0.278499218809619,,0,A ~ 1,A1 ~ 1,0.511,C A
job_1,1,28,gold ; MVN-CC-ours ; Am-ours,OLS,(Intercept),1000,5,100,norm,1B,MVN-CC-ours,-0.195043463966292,-0.424226864268365,0.0341399363357797,0.458366800604144,,0,A ~ 1,A1 ~ 1,0.511,C A
job_1,1,28,gold ; MVN-CC-ours ; Am-ours,OLS,(Intercept),1000,5,100,norm,1B,Am-ours,-0.201380596382933,-0.420602152347974,0.0178409595821082,0.438443111930082,,0,A ~ 1,A1 ~ 1,0.511,C A
job_1,1,29,gold ; MVN-CC-ours ; Am-ours,OLS,(Intercept),1000,5,100,norm,1B,gold,-0.0489695253766897,-0.187794227888413,0.0898551771350335,0.277649405023446,,0,A ~ 1,A1 ~ 1,0.504,C A
job_1,1,29,gold ; MVN-CC-ours ; Am-ours,OLS,(Intercept),1000,5,100,norm,1B,MVN-CC-ours,-0.0668553313603296,-0.297068680081125,0.163358017360466,0.460426697441592,,0,A ~ 1,A1 ~ 1,0.504,C A
job_1,1,29,gold ; MVN-CC-ours ; Am-ours,OLS,(Intercept),1000,5,100,norm,1B,Am-ours,-0.0953437881079205,-0.430407661831883,0.239720085616042,0.670127747447924,,0,A ~ 1,A1 ~ 1,0.504,C A
job_1,1,30,gold ; MVN-CC-ours ; Am-ours,OLS,(Intercept),1000,5,100,norm,1B,gold,-0.0748889806387118,-0.208529292171659,0.0587513308942356,0.267280623065895,,0,A ~ 1,A1 ~ 1,0.506,C A
job_1,1,30,gold ; MVN-CC-ours ; Am-ours,OLS,(Intercept),1000,5,100,norm,1B,MVN-CC-ours,0.0672116814368792,-0.198064807016291,0.33248816989005,0.530552976906341,,0,A ~ 1,A1 ~ 1,0.506,C A
job_1,1,30,gold ; MVN-CC-ours ; Am-ours,OLS,(Intercept),1000,5,100,norm,1B,Am-ours,0.00571617536859851,-0.146886975063571,0.158319325800768,0.305206300864339,,0,A ~ 1,A1 ~ 1,0.506,C A
job_1,1,31,gold ; MVN-CC-ours ; Am-ours,OLS,(Intercept),1000,5,100,norm,1B,gold,-0.0781964245010562,-0.218504609769503,0.0621117607673903,0.280616370536893,,0,A ~ 1,A1 ~ 1,0.531,C A
job_1,1,31,gold ; MVN-CC-ours ; Am-ours,OLS,(Intercept),1000,5,100,norm,1B,MVN-CC-ours,-0.0537041050058087,-0.276728416420466,0.169320206408849,0.446048622829315,,0,A ~ 1,A1 ~ 1,0.531,C A
job_1,1,31,gold ; MVN-CC-ours ; Am-ours,OLS,(Intercept),1000,5,100,norm,1B,Am-ours,0.0110893500227514,-0.183823649182858,0.20600234922836,0.389825998411218,,0,A ~ 1,A1 ~ 1,0.531,C A
job_1,1,32,gold ; MVN-CC-ours ; Am-ours,OLS,(Intercept),1000,5,100,norm,1B,gold,-0.0134058369403118,-0.153665840198798,0.126854166318174,0.280520006516972,,0,A ~ 1,A1 ~ 1,0.507,C A
job_1,1,32,gold ; MVN-CC-ours ; Am-ours,OLS,(Intercept),1000,5,100,norm,1B,MVN-CC-ours,-0.0224920590098396,-0.205673350387191,0.160689232367512,0.366362582754703,,0,A ~ 1,A1 ~ 1,0.507,C A
job_1,1,32,gold ; MVN-CC-ours ; Am-ours,OLS,(Intercept),1000,5,100,norm,1B,Am-ours,-0.0482046512616456,-0.252923198128482,0.15651389560519,0.409437093733672,,0,A ~ 1,A1 ~ 1,0.507,C A
job_1,1,33,gold ; MVN-CC-ours ; Am-ours,OLS,(Intercept),1000,5,100,norm,1B,gold,-0.00740013895169088,-0.146096840597547,0.131296562694165,0.277393403291712,,0,A ~ 1,A1 ~ 1,0.491,C A
job_1,1,33,gold ; MVN-CC-ours ; Am-ours,OLS,(Intercept),1000,5,100,norm,1B,MVN-CC-ours,0.0734828408103568,-0.13108921921913,0.278054900839843,0.409144120058973,,0,A ~ 1,A1 ~ 1,0.491,C A
job_1,1,33,gold ; MVN-CC-ours ; Am-ours,OLS,(Intercept),1000,5,100,norm,1B,Am-ours,0.143128183449212,-0.00687866937388057,0.293135036272305,0.300013705646185,,0,A ~ 1,A1 ~ 1,0.491,C A
job_1,1,34,gold ; MVN-CC-ours ; Am-ours,OLS,(Intercept),1000,5,100,norm,1B,gold,0.0229036341831563,-0.116309521955061,0.162116790321373,0.278426312276434,,0,A ~ 1,A1 ~ 1,0.521,C A
job_1,1,34,gold ; MVN-CC-ours ; Am-ours,OLS,(Intercept),1000,5,100,norm,1B,MVN-CC-ours,0.0463166688257011,-0.160397387878688,0.25303072553009,0.413428113408779,,0,A ~ 1,A1 ~ 1,0.521,C A
job_1,1,34,gold ; MVN-CC-ours ; Am-ours,OLS,(Intercept),1000,5,100,norm,1B,Am-ours,0.0763008981840888,-0.11562714939583,0.268228945764008,0.383856095159838,,0,A ~ 1,A1 ~ 1,0.521,C A
job_1,1,35,gold ; MVN-CC-ours ; Am-ours,OLS,(Intercept),1000,5,100,norm,1B,gold,-0.100751686693633,-0.241097830717238,0.0395944573299714,0.280692288047209,,0,A ~ 1,A1 ~ 1,0.512,C A
job_1,1,35,gold ; MVN-CC-ours ; Am-ours,OLS,(Intercept),1000,5,100,norm,1B,MVN-CC-ours,0.0266674849945061,-0.149088474816897,0.202423444805909,0.351511919622806,,0,A ~ 1,A1 ~ 1,0.512,C A
job_1,1,35,gold ; MVN-CC-ours ; Am-ours,OLS,(Intercept),1000,5,100,norm,1B,Am-ours,-0.0121903090983933,-0.225923171139607,0.20154255294282,0.427465724082427,,0,A ~ 1,A1 ~ 1,0.512,C A
job_1,1,36,gold ; MVN-CC-ours ; Am-ours,OLS,(Intercept),1000,5,100,norm,1B,gold,-0.0738418057803666,-0.211058734995775,0.0633751234350422,0.274433858430818,,0,A ~ 1,A1 ~ 1,0.525,C A
job_1,1,36,gold ; MVN-CC-ours ; Am-ours,OLS,(Intercept),1000,5,100,norm,1B,MVN-CC-ours,-0.208101329165371,-0.39708384512694,-0.0191188132038023,0.377965031923138,,0,A ~ 1,A1 ~ 1,0.525,C A
job_1,1,36,gold ; MVN-CC-ours ; Am-ours,OLS,(Intercept),1000,5,100,norm,1B,Am-ours,-0.188526131156943,-0.420114165614464,0.0430619033005782,0.463176068915042,,0,A ~ 1,A1 ~ 1,0.525,C A
job_1,1,37,gold ; MVN-CC-ours ; Am-ours,OLS,(Intercept),1000,5,100,norm,1B,gold,0.0545775904178212,-0.084612257780136,0.193767438615778,0.278379696395914,,0,A ~ 1,A1 ~ 1,0.479,C A
job_1,1,37,gold ; MVN-CC-ours ; Am-ours,OLS,(Intercept),1000,5,100,norm,1B,MVN-CC-ours,0.157698800858292,-0.00717805671605384,0.322575658432637,0.329753715148691,,0,A ~ 1,A1 ~ 1,0.479,C A
job_1,1,37,gold ; MVN-CC-ours ; Am-ours,OLS,(Intercept),1000,5,100,norm,1B,Am-ours,0.139356122102293,-0.0821989093771041,0.360911153581689,0.443110062958793,,0,A ~ 1,A1 ~ 1,0.479,C A
job_1,1,38,gold ; MVN-CC-ours ; Am-ours,OLS,(Intercept),1000,5,100,norm,1B,gold,-0.0649138821366714,-0.200469057222747,0.0706412929494047,0.271110350172152,,0,A ~ 1,A1 ~ 1,0.515,C A
job_1,1,38,gold ; MVN-CC-ours ; Am-ours,OLS,(Intercept),1000,5,100,norm,1B,MVN-CC-ours,0.00635657360734433,-0.222304329631915,0.235017476846604,0.45732180647852,,0,A ~ 1,A1 ~ 1,0.515,C A
job_1,1,38,gold ; MVN-CC-ours ; Am-ours,OLS,(Intercept),1000,5,100,norm,1B,Am-ours,0.0556831218556255,-0.230852427428276,0.342218671139527,0.573071098567802,,0,A ~ 1,A1 ~ 1,0.515,C A
job_1,1,39,gold ; MVN-CC-ours ; Am-ours,OLS,(Intercept),1000,5,100,norm,1B,gold,0.0326532683513495,-0.106914760267461,0.17222129697016,0.27913605723762,,0,A ~ 1,A1 ~ 1,0.484,C A
job_1,1,39,gold ; MVN-CC-ours ; Am-ours,OLS,(Intercept),1000,5,100,norm,1B,MVN-CC-ours,0.0377564856800738,-0.112747477159615,0.188260448519762,0.301007925679377,,0,A ~ 1,A1 ~ 1,0.484,C A
job_1,1,39,gold ; MVN-CC-ours ; Am-ours,OLS,(Intercept),1000,5,100,norm,1B,Am-ours,0.0340977818996299,-0.123400363070011,0.191595926869271,0.314996289939282,,0,A ~ 1,A1 ~ 1,0.484,C A
job_1,1,40,gold ; MVN-CC-ours ; Am-ours,OLS,(Intercept),1000,5,100,norm,1B,gold,-0.0627620341059704,-0.201533232286902,0.0760091640749614,0.277542396361864,,0,A ~ 1,A1 ~ 1,0.49,C A
job_1,1,40,gold ; MVN-CC-ours ; Am-ours,OLS,(Intercept),1000,5,100,norm,1B,MVN-CC-ours,-0.0359128381853986,-0.238042335334206,0.166216658963409,0.404258994297615,,0,A ~ 1,A1 ~ 1,0.49,C A
job_1,1,40,gold ; MVN-CC-ours ; Am-ours,OLS,(Intercept),1000,5,100,norm,1B,Am-ours,-0.0285068638876501,-0.215744635573512,0.158730907798212,0.374475543371723,,0,A ~ 1,A1 ~ 1,0.49,C A
job_1,1,41,gold ; MVN-CC-ours ; Am-ours,OLS,(Intercept),1000,5,100,norm,1B,gold,-0.0425030264781688,-0.178399699762987,0.0933936468066493,0.271793346569636,,0,A ~ 1,A1 ~ 1,0.505,C A
job_1,1,41,gold ; MVN-CC-ours ; Am-ours,OLS,(Intercept),1000,5,100,norm,1B,MVN-CC-ours,0.0504416735075657,-0.162276390223274,0.263159737238405,0.425436127461679,,0,A ~ 1,A1 ~ 1,0.505,C A
job_1,1,41,gold ; MVN-CC-ours ; Am-ours,OLS,(Intercept),1000,5,100,norm,1B,Am-ours,-0.0175502573118601,-0.357882219845237,0.322781705221516,0.680663925066753,,0,A ~ 1,A1 ~ 1,0.505,C A
job_1,1,42,gold ; MVN-CC-ours ; Am-ours,OLS,(Intercept),1000,5,100,norm,1B,gold,0.0313438350897124,-0.107217164235427,0.169904834414852,0.277121998650278,,0,A ~ 1,A1 ~ 1,0.483,C A
job_1,1,42,gold ; MVN-CC-ours ; Am-ours,OLS,(Intercept),1000,5,100,norm,1B,MVN-CC-ours,-0.00984203930004553,-0.247247780063678,0.227563701463587,0.474811481527266,,0,A ~ 1,A1 ~ 1,0.483,C A
job_1,1,42,gold ; MVN-CC-ours ; Am-ours,OLS,(Intercept),1000,5,100,norm,1B,Am-ours,0.0449058641820399,-0.170152989199549,0.259964717563629,0.430117706763179,,0,A ~ 1,A1 ~ 1,0.483,C A
job_1,1,43,gold ; MVN-CC-ours ; Am-ours,OLS,(Intercept),1000,5,100,norm,1B,gold,-0.00912389677298954,-0.147604621802305,0.129356828256326,0.27696145005863,,0,A ~ 1,A1 ~ 1,0.503,C A
job_1,1,43,gold ; MVN-CC-ours ; Am-ours,OLS,(Intercept),1000,5,100,norm,1B,MVN-CC-ours,-0.0924652596074017,-0.259219871963902,0.0742893527490989,0.333509224713001,,0,A ~ 1,A1 ~ 1,0.503,C A
job_1,1,43,gold ; MVN-CC-ours ; Am-ours,OLS,(Intercept),1000,5,100,norm,1B,Am-ours,-0.0318520731294596,-0.303719193969229,0.24001504771031,0.54373424167954,,0,A ~ 1,A1 ~ 1,0.503,C A
job_1,1,44,gold ; MVN-CC-ours ; Am-ours,OLS,(Intercept),1000,5,100,norm,1B,gold,-0.0238943563781618,-0.158213190792336,0.110424478036012,0.268637668828348,,0,A ~ 1,A1 ~ 1,0.494,C A
job_1,1,44,gold ; MVN-CC-ours ; Am-ours,OLS,(Intercept),1000,5,100,norm,1B,MVN-CC-ours,-0.0603149459637617,-0.247984206452718,0.127354314525195,0.375338520977913,,0,A ~ 1,A1 ~ 1,0.494,C A
job_1,1,44,gold ; MVN-CC-ours ; Am-ours,OLS,(Intercept),1000,5,100,norm,1B,Am-ours,-0.111131936856994,-0.269198710344134,0.046934836630146,0.31613354697428,,0,A ~ 1,A1 ~ 1,0.494,C A
job_1,1,45,gold ; MVN-CC-ours ; Am-ours,OLS,(Intercept),1000,5,100,norm,1B,gold,-0.088498763759451,-0.223668048684711,0.0466705211658089,0.27033856985052,,0,A ~ 1,A1 ~ 1,0.523,C A
job_1,1,45,gold ; MVN-CC-ours ; Am-ours,OLS,(Intercept),1000,5,100,norm,1B,MVN-CC-ours,-0.197764316911998,-0.377888782641194,-0.0176398511828033,0.36024893145839,,0,A ~ 1,A1 ~ 1,0.523,C A
job_1,1,45,gold ; MVN-CC-ours ; Am-ours,OLS,(Intercept),1000,5,100,norm,1B,Am-ours,-0.207787469442632,-0.385045031675282,-0.0305299072099831,0.354515124465299,,0,A ~ 1,A1 ~ 1,0.523,C A
job_1,1,46,gold ; MVN-CC-ours ; Am-ours,OLS,(Intercept),1000,5,100,norm,1B,gold,0.0801943099710928,-0.059139205330812,0.219527825272998,0.27866703060381,,0,A ~ 1,A1 ~ 1,0.499,C A
job_1,1,46,gold ; MVN-CC-ours ; Am-ours,OLS,(Intercept),1000,5,100,norm,1B,MVN-CC-ours,0.131561385786506,-0.0291166566069161,0.292239428179927,0.321356084786844,,0,A ~ 1,A1 ~ 1,0.499,C A
job_1,1,46,gold ; MVN-CC-ours ; Am-ours,OLS,(Intercept),1000,5,100,norm,1B,Am-ours,0.154341378866783,-0.0244501100635979,0.333132867797164,0.357582977860762,,0,A ~ 1,A1 ~ 1,0.499,C A
job_1,1,47,gold ; MVN-CC-ours ; Am-ours,OLS,(Intercept),1000,5,100,norm,1B,gold,0.0376825099531541,-0.0969301943918201,0.172295214298128,0.269225408689948,,0,A ~ 1,A1 ~ 1,0.534,C A
job_1,1,47,gold ; MVN-CC-ours ; Am-ours,OLS,(Intercept),1000,5,100,norm,1B,MVN-CC-ours,0.0686630495066385,-0.206204636000809,0.343530735014086,0.549735371014895,,0,A ~ 1,A1 ~ 1,0.534,C A
job_1,1,47,gold ; MVN-CC-ours ; Am-ours,OLS,(Intercept),1000,5,100,norm,1B,Am-ours,-0.00983665432943565,-0.202989910678676,0.183316602019805,0.386306512698482,,0,A ~ 1,A1 ~ 1,0.534,C A
job_1,1,48,gold ; MVN-CC-ours ; Am-ours,OLS,(Intercept),1000,5,100,norm,1B,gold,-0.0333023772155716,-0.172354415571214,0.105749661140071,0.278104076711285,,0,A ~ 1,A1 ~ 1,0.514,C A
job_1,1,48,gold ; MVN-CC-ours ; Am-ours,OLS,(Intercept),1000,5,100,norm,1B,MVN-CC-ours,-0.079249040616592,-0.268840271115105,0.110342189881921,0.379182460997026,,0,A ~ 1,A1 ~ 1,0.514,C A
job_1,1,48,gold ; MVN-CC-ours ; Am-ours,OLS,(Intercept),1000,5,100,norm,1B,Am-ours,-0.149552770753559,-0.372966481257763,0.0738609397506449,0.446827421008407,,0,A ~ 1,A1 ~ 1,0.514,C A
job_1,1,49,gold ; MVN-CC-ours ; Am-ours,OLS,(Intercept),1000,5,100,norm,1B,gold,-0.00722713922771477,-0.142997582674771,0.128543304219341,0.271540886894112,,0,A ~ 1,A1 ~ 1,0.513,C A
job_1,1,49,gold ; MVN-CC-ours ; Am-ours,OLS,(Intercept),1000,5,100,norm,1B,MVN-CC-ours,0.0953804896571825,-0.150321462593566,0.341082441907931,0.491403904501497,,0,A ~ 1,A1 ~ 1,0.513,C A
job_1,1,49,gold ; MVN-CC-ours ; Am-ours,OLS,(Intercept),1000,5,100,norm,1B,Am-ours,0.0766422632482351,-0.0778937813274825,0.231178307823953,0.309072089151435,,0,A ~ 1,A1 ~ 1,0.513,C A
job_1,1,50,gold ; MVN-CC-ours ; Am-ours,OLS,(Intercept),1000,5,100,norm,1B,gold,0.0156713290750794,-0.121324654379203,0.152667312529362,0.273991966908564,,0,A ~ 1,A1 ~ 1,0.523,C A
job_1,1,50,gold ; MVN-CC-ours ; Am-ours,OLS,(Intercept),1000,5,100,norm,1B,MVN-CC-ours,-0.0341905104470692,-0.184391043966577,0.116010023072439,0.300401067039016,,0,A ~ 1,A1 ~ 1,0.523,C A
job_1,1,50,gold ; MVN-CC-ours ; Am-ours,OLS,(Intercept),1000,5,100,norm,1B,Am-ours,-0.0708576496218693,-0.263707272589034,0.121991973345295,0.385699245934329,,0,A ~ 1,A1 ~ 1,0.523,C A
job_1,1,51,gold ; MVN-CC-ours ; Am-ours,OLS,(Intercept),1000,5,100,norm,1B,gold,0.0605830416081698,-0.0824002040674396,0.203566287283779,0.285966491351219,,0,A ~ 1,A1 ~ 1,0.473,C A
job_1,1,51,gold ; MVN-CC-ours ; Am-ours,OLS,(Intercept),1000,5,100,norm,1B,MVN-CC-ours,-0.175177343314354,-0.578421532240056,0.228066845611348,0.806488377851404,,0,A ~ 1,A1 ~ 1,0.473,C A
job_1,1,51,gold ; MVN-CC-ours ; Am-ours,OLS,(Intercept),1000,5,100,norm,1B,Am-ours,-0.131333890222925,-0.31722487058726,0.0545570901414104,0.371781960728671,,0,A ~ 1,A1 ~ 1,0.473,C A
job_1,1,52,gold ; MVN-CC-ours ; Am-ours,OLS,(Intercept),1000,5,100,norm,1B,gold,-0.0514908264889738,-0.188930873501961,0.0859492205240131,0.274880094025974,,0,A ~ 1,A1 ~ 1,0.518,C A
job_1,1,52,gold ; MVN-CC-ours ; Am-ours,OLS,(Intercept),1000,5,100,norm,1B,MVN-CC-ours,-0.0497469130104663,-0.291756908547474,0.192263082526541,0.484019991074015,,0,A ~ 1,A1 ~ 1,0.518,C A
job_1,1,52,gold ; MVN-CC-ours ; Am-ours,OLS,(Intercept),1000,5,100,norm,1B,Am-ours,-0.00796465136673043,-0.174564068656357,0.158634765922896,0.333198834579252,,0,A ~ 1,A1 ~ 1,0.518,C A
job_1,1,53,gold ; MVN-CC-ours ; Am-ours,OLS,(Intercept),1000,5,100,norm,1B,gold,-0.0238714032510566,-0.162871291833882,0.115128485331769,0.277999777165652,,0,A ~ 1,A1 ~ 1,0.512,C A
job_1,1,53,gold ; MVN-CC-ours ; Am-ours,OLS,(Intercept),1000,5,100,norm,1B,MVN-CC-ours,-0.0758941339337697,-0.282680347501313,0.130892079633774,0.413572427135087,,0,A ~ 1,A1 ~ 1,0.512,C A
job_1,1,53,gold ; MVN-CC-ours ; Am-ours,OLS,(Intercept),1000,5,100,norm,1B,Am-ours,-0.0360802043475512,-0.265813569454294,0.193653160759192,0.459466730213486,,0,A ~ 1,A1 ~ 1,0.512,C A
job_1,1,54,gold ; MVN-CC-ours ; Am-ours,OLS,(Intercept),1000,5,100,norm,1B,gold,0.00763801489836198,-0.129193784069261,0.144469813865985,0.273663597935246,,0,A ~ 1,A1 ~ 1,0.527,C A
job_1,1,54,gold ; MVN-CC-ours ; Am-ours,OLS,(Intercept),1000,5,100,norm,1B,MVN-CC-ours,0.0665026653367027,-0.151780818454062,0.284786149127467,0.436566967581529,,0,A ~ 1,A1 ~ 1,0.527,C A
job_1,1,54,gold ; MVN-CC-ours ; Am-ours,OLS,(Intercept),1000,5,100,norm,1B,Am-ours,0.0896111608614867,-0.107119006857236,0.28634132858021,0.393460335437446,,0,A ~ 1,A1 ~ 1,0.527,C A
job_1,1,55,gold ; MVN-CC-ours ; Am-ours,OLS,(Intercept),1000,5,100,norm,1B,gold,0.0548736422030324,-0.0855565873138332,0.195303871719898,0.280860459033731,,0,A ~ 1,A1 ~ 1,0.485,C A
job_1,1,55,gold ; MVN-CC-ours ; Am-ours,OLS,(Intercept),1000,5,100,norm,1B,MVN-CC-ours,-0.0197909384517186,-0.213299551828684,0.173717674925247,0.38701722675393,,0,A ~ 1,A1 ~ 1,0.485,C A
job_1,1,55,gold ; MVN-CC-ours ; Am-ours,OLS,(Intercept),1000,5,100,norm,1B,Am-ours,-0.0551867029196617,-0.196044892352727,0.0856714865134038,0.281716378866131,,0,A ~ 1,A1 ~ 1,0.485,C A
job_1,1,56,gold ; MVN-CC-ours ; Am-ours,OLS,(Intercept),1000,5,100,norm,1B,gold,-0.0105095137373406,-0.145164436096589,0.124145408621908,0.269309844718497,,0,A ~ 1,A1 ~ 1,0.49,C A
job_1,1,56,gold ; MVN-CC-ours ; Am-ours,OLS,(Intercept),1000,5,100,norm,1B,MVN-CC-ours,0.106269452011159,-0.220807242774427,0.433346146796745,0.654153389571172,,0,A ~ 1,A1 ~ 1,0.49,C A
job_1,1,56,gold ; MVN-CC-ours ; Am-ours,OLS,(Intercept),1000,5,100,norm,1B,Am-ours,0.129411531850863,-0.0928068922888662,0.351629955990593,0.444436848279459,,0,A ~ 1,A1 ~ 1,0.49,C A
job_1,1,57,gold ; MVN-CC-ours ; Am-ours,OLS,(Intercept),1000,5,100,norm,1B,gold,-0.0615815695580811,-0.196413328856165,0.0732501897400025,0.269663518596167,,0,A ~ 1,A1 ~ 1,0.528,C A
job_1,1,57,gold ; MVN-CC-ours ; Am-ours,OLS,(Intercept),1000,5,100,norm,1B,MVN-CC-ours,-0.202437045939599,-0.537131067202827,0.13225697532363,0.669388042526457,,0,A ~ 1,A1 ~ 1,0.528,C A
job_1,1,57,gold ; MVN-CC-ours ; Am-ours,OLS,(Intercept),1000,5,100,norm,1B,Am-ours,-0.135603997020635,-0.32836816707628,0.0571601730350103,0.38552834011129,,0,A ~ 1,A1 ~ 1,0.528,C A
job_1,1,58,gold ; MVN-CC-ours ; Am-ours,OLS,(Intercept),1000,5,100,norm,1B,gold,-0.0200435867093664,-0.162771065062383,0.122683891643651,0.285454956706034,,0,A ~ 1,A1 ~ 1,0.493,C A
job_1,1,58,gold ; MVN-CC-ours ; Am-ours,OLS,(Intercept),1000,5,100,norm,1B,MVN-CC-ours,-0.0886097904378802,-0.331564120709839,0.154344539834079,0.485908660543918,,0,A ~ 1,A1 ~ 1,0.493,C A
job_1,1,58,gold ; MVN-CC-ours ; Am-ours,OLS,(Intercept),1000,5,100,norm,1B,Am-ours,-0.0643727443980483,-0.379249093287415,0.250503604491318,0.629752697778733,,0,A ~ 1,A1 ~ 1,0.493,C A
job_1,1,59,gold ; MVN-CC-ours ; Am-ours,OLS,(Intercept),1000,5,100,norm,1B,gold,0.0591517800504673,-0.0780696413125399,0.196373201413475,0.274442842726014,,0,A ~ 1,A1 ~ 1,0.481,C A
job_1,1,59,gold ; MVN-CC-ours ; Am-ours,OLS,(Intercept),1000,5,100,norm,1B,MVN-CC-ours,0.13755508503663,-0.0765261069219983,0.351636276995258,0.428162383917256,,0,A ~ 1,A1 ~ 1,0.481,C A
job_1,1,59,gold ; MVN-CC-ours ; Am-ours,OLS,(Intercept),1000,5,100,norm,1B,Am-ours,0.161677299703899,-0.00324138102355839,0.326595980431357,0.329837361454915,,0,A ~ 1,A1 ~ 1,0.481,C A
job_1,1,60,gold ; MVN-CC-ours ; Am-ours,OLS,(Intercept),1000,5,100,norm,1B,gold,0.00875906810168858,-0.12613000169548,0.143648137898857,0.269778139594337,,0,A ~ 1,A1 ~ 1,0.468,C A
job_1,1,60,gold ; MVN-CC-ours ; Am-ours,OLS,(Intercept),1000,5,100,norm,1B,MVN-CC-ours,0.0183847677517292,-0.288726128892796,0.325495664396255,0.614221793289051,,0,A ~ 1,A1 ~ 1,0.468,C A
job_1,1,60,gold ; MVN-CC-ours ; Am-ours,OLS,(Intercept),1000,5,100,norm,1B,Am-ours,-0.0323235218540508,-0.227371947647117,0.162724903939016,0.390096851586133,,0,A ~ 1,A1 ~ 1,0.468,C A
job_1,1,61,gold ; MVN-CC-ours ; Am-ours,OLS,(Intercept),1000,5,100,norm,1B,gold,-0.0699371085863275,-0.204470843812222,0.0645966266395665,0.269067470451788,,0,A ~ 1,A1 ~ 1,0.51,C A
job_1,1,61,gold ; MVN-CC-ours ; Am-ours,OLS,(Intercept),1000,5,100,norm,1B,MVN-CC-ours,-0.183187108023359,-0.361827864292472,-0.00454635175424695,0.357281512538225,,0,A ~ 1,A1 ~ 1,0.51,C A
job_1,1,61,gold ; MVN-CC-ours ; Am-ours,OLS,(Intercept),1000,5,100,norm,1B,Am-ours,-0.245943747081828,-0.450353278936273,-0.0415342152273827,0.408819063708891,,0,A ~ 1,A1 ~ 1,0.51,C A
job_1,1,62,gold ; MVN-CC-ours ; Am-ours,OLS,(Intercept),1000,5,100,norm,1B,gold,-0.0232412198296867,-0.162008294844971,0.115525855185598,0.277534150030569,,0,A ~ 1,A1 ~ 1,0.502,C A
job_1,1,62,gold ; MVN-CC-ours ; Am-ours,OLS,(Intercept),1000,5,100,norm,1B,MVN-CC-ours,0.107163618593263,-0.166216039314945,0.38054327650147,0.546759315816415,,0,A ~ 1,A1 ~ 1,0.502,C A
job_1,1,62,gold ; MVN-CC-ours ; Am-ours,OLS,(Intercept),1000,5,100,norm,1B,Am-ours,0.0882129532125311,-0.0787585404964828,0.255184446921545,0.333942987418028,,0,A ~ 1,A1 ~ 1,0.502,C A
job_1,1,63,gold ; MVN-CC-ours ; Am-ours,OLS,(Intercept),1000,5,100,norm,1B,gold,-0.115521028638086,-0.24471406005495,0.0136720027787777,0.258386062833728,,0,A ~ 1,A1 ~ 1,0.498,C A
job_1,1,63,gold ; MVN-CC-ours ; Am-ours,OLS,(Intercept),1000,5,100,norm,1B,MVN-CC-ours,-0.209380663238459,-0.371990341834178,-0.0467709846427393,0.325219357191439,,0,A ~ 1,A1 ~ 1,0.498,C A
job_1,1,63,gold ; MVN-CC-ours ; Am-ours,OLS,(Intercept),1000,5,100,norm,1B,Am-ours,-0.247978285624821,-0.472403532702398,-0.0235530385472436,0.448850494155154,,0,A ~ 1,A1 ~ 1,0.498,C A
job_1,1,64,gold ; MVN-CC-ours ; Am-ours,OLS,(Intercept),1000,5,100,norm,1B,gold,0.102897954549429,-0.0371814996349419,0.2429774087338,0.280158908368742,,0,A ~ 1,A1 ~ 1,0.482,C A
job_1,1,64,gold ; MVN-CC-ours ; Am-ours,OLS,(Intercept),1000,5,100,norm,1B,MVN-CC-ours,0.0328790343167342,-0.329494957384215,0.395253026017683,0.724747983401898,,0,A ~ 1,A1 ~ 1,0.482,C A
job_1,1,64,gold ; MVN-CC-ours ; Am-ours,OLS,(Intercept),1000,5,100,norm,1B,Am-ours,0.0577563294523202,-0.135253286433124,0.250765945337764,0.386019231770888,,0,A ~ 1,A1 ~ 1,0.482,C A
job_1,1,65,gold ; MVN-CC-ours ; Am-ours,OLS,(Intercept),1000,5,100,norm,1B,gold,-0.106309651307504,-0.245108107912224,0.0324888052972155,0.27759691320944,,0,A ~ 1,A1 ~ 1,0.52,C A
job_1,1,65,gold ; MVN-CC-ours ; Am-ours,OLS,(Intercept),1000,5,100,norm,1B,MVN-CC-ours,-0.100780764712464,-0.334457746807129,0.132896217382201,0.46735396418933,,0,A ~ 1,A1 ~ 1,0.52,C A
job_1,1,65,gold ; MVN-CC-ours ; Am-ours,OLS,(Intercept),1000,5,100,norm,1B,Am-ours,-0.142754630051111,-0.362972942760869,0.0774636826586467,0.440436625419516,,0,A ~ 1,A1 ~ 1,0.52,C A
job_1,1,66,gold ; MVN-CC-ours ; Am-ours,OLS,(Intercept),1000,5,100,norm,1B,gold,0.030082533894609,-0.115946245813424,0.176111313602642,0.292057559416066,,0,A ~ 1,A1 ~ 1,0.497,C A
job_1,1,66,gold ; MVN-CC-ours ; Am-ours,OLS,(Intercept),1000,5,100,norm,1B,MVN-CC-ours,-0.0331834805131494,-0.207291819879773,0.140924858853475,0.348216678733248,,0,A ~ 1,A1 ~ 1,0.497,C A
job_1,1,66,gold ; MVN-CC-ours ; Am-ours,OLS,(Intercept),1000,5,100,norm,1B,Am-ours,-0.0837079007864345,-0.297653520612631,0.130237719039762,0.427891239652393,,0,A ~ 1,A1 ~ 1,0.497,C A
job_1,1,67,gold ; MVN-CC-ours ; Am-ours,OLS,(Intercept),1000,5,100,norm,1B,gold,-0.0943934423853155,-0.233683125875162,0.0448962411045306,0.278579366979692,,0,A ~ 1,A1 ~ 1,0.497,C A
job_1,1,67,gold ; MVN-CC-ours ; Am-ours,OLS,(Intercept),1000,5,100,norm,1B,MVN-CC-ours,-0.175755184325686,-0.332672387480751,-0.0188379811706206,0.31383440631013,,0,A ~ 1,A1 ~ 1,0.497,C A
job_1,1,67,gold ; MVN-CC-ours ; Am-ours,OLS,(Intercept),1000,5,100,norm,1B,Am-ours,-0.19001725605897,-0.446650345720697,0.0666158336027574,0.513266179323454,,0,A ~ 1,A1 ~ 1,0.497,C A
job_1,1,68,gold ; MVN-CC-ours ; Am-ours,OLS,(Intercept),1000,5,100,norm,1B,gold,-0.11593982860345,-0.25554087952415,0.0236612223172511,0.279202101841401,,0,A ~ 1,A1 ~ 1,0.501,C A
job_1,1,68,gold ; MVN-CC-ours ; Am-ours,OLS,(Intercept),1000,5,100,norm,1B,MVN-CC-ours,-0.100644457467683,-0.2684620213307,0.0671731063953348,0.335635127726035,,0,A ~ 1,A1 ~ 1,0.501,C A
job_1,1,68,gold ; MVN-CC-ours ; Am-ours,OLS,(Intercept),1000,5,100,norm,1B,Am-ours,-0.10316653301049,-0.296163491373732,0.0898304253527515,0.385993916726484,,0,A ~ 1,A1 ~ 1,0.501,C A
job_1,1,69,gold ; MVN-CC-ours ; Am-ours,OLS,(Intercept),1000,5,100,norm,1B,gold,-0.0280103802156949,-0.165345457437629,0.109324697006239,0.274670154443868,,0,A ~ 1,A1 ~ 1,0.508,C A
job_1,1,69,gold ; MVN-CC-ours ; Am-ours,OLS,(Intercept),1000,5,100,norm,1B,MVN-CC-ours,0.014671161967173,-0.212031345750582,0.241373669684928,0.453405015435509,,0,A ~ 1,A1 ~ 1,0.508,C A
job_1,1,69,gold ; MVN-CC-ours ; Am-ours,OLS,(Intercept),1000,5,100,norm,1B,Am-ours,0.0797804166133452,-0.16307451403566,0.322635347262351,0.485709861298011,,0,A ~ 1,A1 ~ 1,0.508,C A
job_1,1,70,gold ; MVN-CC-ours ; Am-ours,OLS,(Intercept),1000,5,100,norm,1B,gold,0.0506243525796497,-0.0863698454045096,0.187618550563809,0.273988395968319,,0,A ~ 1,A1 ~ 1,0.524,C A
job_1,1,70,gold ; MVN-CC-ours ; Am-ours,OLS,(Intercept),1000,5,100,norm,1B,MVN-CC-ours,0.170214216272187,-0.0355401684146053,0.375968600958979,0.411508769373584,,0,A ~ 1,A1 ~ 1,0.524,C A
job_1,1,70,gold ; MVN-CC-ours ; Am-ours,OLS,(Intercept),1000,5,100,norm,1B,Am-ours,0.146663530364538,-0.104379663003946,0.397706723733022,0.502086386736968,,0,A ~ 1,A1 ~ 1,0.524,C A
job_1,1,71,gold ; MVN-CC-ours ; Am-ours,OLS,(Intercept),1000,5,100,norm,1B,gold,-0.101720770433893,-0.2384906116562,0.0350490707884127,0.273539682444612,,0,A ~ 1,A1 ~ 1,0.509,C A
job_1,1,71,gold ; MVN-CC-ours ; Am-ours,OLS,(Intercept),1000,5,100,norm,1B,MVN-CC-ours,-0.0704426922823313,-0.252791475757341,0.111906091192679,0.36469756695002,,0,A ~ 1,A1 ~ 1,0.509,C A
job_1,1,71,gold ; MVN-CC-ours ; Am-ours,OLS,(Intercept),1000,5,100,norm,1B,Am-ours,-0.0807753024067262,-0.339975287740347,0.178424682926894,0.518399970667241,,0,A ~ 1,A1 ~ 1,0.509,C A
job_1,1,72,gold ; MVN-CC-ours ; Am-ours,OLS,(Intercept),1000,5,100,norm,1B,gold,0.0669626640863232,-0.0702053857162119,0.204130713888858,0.27433609960507,,0,A ~ 1,A1 ~ 1,0.494,C A
job_1,1,72,gold ; MVN-CC-ours ; Am-ours,OLS,(Intercept),1000,5,100,norm,1B,MVN-CC-ours,0.049015359555325,-0.114165006545403,0.212195725656053,0.326360732201457,,0,A ~ 1,A1 ~ 1,0.494,C A
job_1,1,72,gold ; MVN-CC-ours ; Am-ours,OLS,(Intercept),1000,5,100,norm,1B,Am-ours,0.0885093538064821,-0.215629532316642,0.392648239929606,0.608277772246249,,0,A ~ 1,A1 ~ 1,0.494,C A
job_1,1,73,gold ; MVN-CC-ours ; Am-ours,OLS,(Intercept),1000,5,100,norm,1B,gold,0.0559472940291434,-0.0773144970075348,0.189209085065822,0.266523582073356,,0,A ~ 1,A1 ~ 1,0.527,C A
job_1,1,73,gold ; MVN-CC-ours ; Am-ours,OLS,(Intercept),1000,5,100,norm,1B,MVN-CC-ours,0.0879134562854995,-0.121248668379044,0.297075580950043,0.418324249329087,,0,A ~ 1,A1 ~ 1,0.527,C A
job_1,1,73,gold ; MVN-CC-ours ; Am-ours,OLS,(Intercept),1000,5,100,norm,1B,Am-ours,0.0512622371832147,-0.120365906885067,0.222890381251496,0.343256288136563,,0,A ~ 1,A1 ~ 1,0.527,C A
job_1,1,74,gold ; MVN-CC-ours ; Am-ours,OLS,(Intercept),1000,5,100,norm,1B,gold,-0.0518383457044492,-0.191718182792068,0.088041491383169,0.279759674175237,,0,A ~ 1,A1 ~ 1,0.495,C A
job_1,1,74,gold ; MVN-CC-ours ; Am-ours,OLS,(Intercept),1000,5,100,norm,1B,MVN-CC-ours,0.0361111038403407,-0.186020790847282,0.258242998527963,0.444263789375245,,0,A ~ 1,A1 ~ 1,0.495,C A
job_1,1,74,gold ; MVN-CC-ours ; Am-ours,OLS,(Intercept),1000,5,100,norm,1B,Am-ours,0.0968822770976931,-0.172028623389553,0.365793177584939,0.537821800974493,,0,A ~ 1,A1 ~ 1,0.495,C A
job_1,1,75,gold ; MVN-CC-ours ; Am-ours,OLS,(Intercept),1000,5,100,norm,1B,gold,-0.0207425370697478,-0.160229843930352,0.118744769790857,0.278974613721209,,0,A ~ 1,A1 ~ 1,0.475,C A
job_1,1,75,gold ; MVN-CC-ours ; Am-ours,OLS,(Intercept),1000,5,100,norm,1B,MVN-CC-ours,-0.105494679272971,-0.285735589754157,0.0747462312082152,0.360481820962372,,0,A ~ 1,A1 ~ 1,0.475,C A
job_1,1,75,gold ; MVN-CC-ours ; Am-ours,OLS,(Intercept),1000,5,100,norm,1B,Am-ours,-0.0828486706127622,-0.291867120155674,0.12616977893015,0.418036899085825,,0,A ~ 1,A1 ~ 1,0.475,C A
job_1,1,76,gold ; MVN-CC-ours ; Am-ours,OLS,(Intercept),1000,5,100,norm,1B,gold,-0.115447737166968,-0.252864195685662,0.0219687213517252,0.274832917037387,,0,A ~ 1,A1 ~ 1,0.511,C A
job_1,1,76,gold ; MVN-CC-ours ; Am-ours,OLS,(Intercept),1000,5,100,norm,1B,MVN-CC-ours,0.0550976211974501,-0.11466019613185,0.22485543852675,0.3395156346586,,0,A ~ 1,A1 ~ 1,0.511,C A
job_1,1,76,gold ; MVN-CC-ours ; Am-ours,OLS,(Intercept),1000,5,100,norm,1B,Am-ours,0.0477899559233326,-0.186033006490192,0.281612918336857,0.467645924827049,,0,A ~ 1,A1 ~ 1,0.511,C A
job_1,1,77,gold ; MVN-CC-ours ; Am-ours,OLS,(Intercept),1000,5,100,norm,1B,gold,0.107967748090831,-0.0302000315844873,0.246135527766148,0.276335559350636,,0,A ~ 1,A1 ~ 1,0.507,C A
job_1,1,77,gold ; MVN-CC-ours ; Am-ours,OLS,(Intercept),1000,5,100,norm,1B,MVN-CC-ours,0.0108087107092947,-0.253200316458113,0.274817737876702,0.528018054334815,,0,A ~ 1,A1 ~ 1,0.507,C A
job_1,1,77,gold ; MVN-CC-ours ; Am-ours,OLS,(Intercept),1000,5,100,norm,1B,Am-ours,-0.0108231004604335,-0.210213215558667,0.1885670146378,0.398780230196467,,0,A ~ 1,A1 ~ 1,0.507,C A
job_1,1,78,gold ; MVN-CC-ours ; Am-ours,OLS,(Intercept),1000,5,100,norm,1B,gold,0.0551790013286183,-0.0784859101139958,0.188843912771232,0.267329822885228,,0,A ~ 1,A1 ~ 1,0.52,C A
job_1,1,78,gold ; MVN-CC-ours ; Am-ours,OLS,(Intercept),1000,5,100,norm,1B,MVN-CC-ours,0.104267516646204,-0.152854870813748,0.361389904106156,0.514244774919904,,0,A ~ 1,A1 ~ 1,0.52,C A
job_1,1,78,gold ; MVN-CC-ours ; Am-ours,OLS,(Intercept),1000,5,100,norm,1B,Am-ours,0.0675416570995894,-0.129927168996577,0.265010483195756,0.394937652192333,,0,A ~ 1,A1 ~ 1,0.52,C A
job_1,1,79,gold ; MVN-CC-ours ; Am-ours,OLS,(Intercept),1000,5,100,norm,1B,gold,-0.052387710431202,-0.18704871500394,0.0822732941415358,0.269322009145476,,0,A ~ 1,A1 ~ 1,0.472,C A
job_1,1,79,gold ; MVN-CC-ours ; Am-ours,OLS,(Intercept),1000,5,100,norm,1B,MVN-CC-ours,-0.0400331661380527,-0.238058462686799,0.157992130410694,0.396050593097492,,0,A ~ 1,A1 ~ 1,0.472,C A
job_1,1,79,gold ; MVN-CC-ours ; Am-ours,OLS,(Intercept),1000,5,100,norm,1B,Am-ours,-0.0725049929151529,-0.26538366219382,0.120373676363514,0.385757338557333,,0,A ~ 1,A1 ~ 1,0.472,C A
job_1,1,80,gold ; MVN-CC-ours ; Am-ours,OLS,(Intercept),1000,5,100,norm,1B,gold,-0.0537437630576041,-0.188596721611715,0.0811091954965068,0.269705917108222,,0,A ~ 1,A1 ~ 1,0.494,C A
job_1,1,80,gold ; MVN-CC-ours ; Am-ours,OLS,(Intercept),1000,5,100,norm,1B,MVN-CC-ours,0.0655622734116577,-0.215154317467644,0.346278864290959,0.561433181758603,,0,A ~ 1,A1 ~ 1,0.494,C A
job_1,1,80,gold ; MVN-CC-ours ; Am-ours,OLS,(Intercept),1000,5,100,norm,1B,Am-ours,0.00985629827330322,-0.242344925763599,0.262057522310205,0.504402448073804,,0,A ~ 1,A1 ~ 1,0.494,C A
job_1,1,81,gold ; MVN-CC-ours ; Am-ours,OLS,(Intercept),1000,5,100,norm,1B,gold,-0.0284572444247689,-0.16739917738399,0.110484688534452,0.277883865918442,,0,A ~ 1,A1 ~ 1,0.498,C A
job_1,1,81,gold ; MVN-CC-ours ; Am-ours,OLS,(Intercept),1000,5,100,norm,1B,MVN-CC-ours,-0.0974915330830727,-0.314345048170028,0.119361982003882,0.43370703017391,,0,A ~ 1,A1 ~ 1,0.498,C A
job_1,1,81,gold ; MVN-CC-ours ; Am-ours,OLS,(Intercept),1000,5,100,norm,1B,Am-ours,0.0161094824093527,-0.21243755706223,0.244656521880935,0.457094078943165,,0,A ~ 1,A1 ~ 1,0.498,C A
job_1,1,82,gold ; MVN-CC-ours ; Am-ours,OLS,(Intercept),1000,5,100,norm,1B,gold,0.0742661213813498,-0.0599660740753172,0.208498316838017,0.268464390913334,,0,A ~ 1,A1 ~ 1,0.494,C A
job_1,1,82,gold ; MVN-CC-ours ; Am-ours,OLS,(Intercept),1000,5,100,norm,1B,MVN-CC-ours,0.105874536869579,-0.0528739026771098,0.264622976416267,0.317496879093377,,0,A ~ 1,A1 ~ 1,0.494,C A
job_1,1,82,gold ; MVN-CC-ours ; Am-ours,OLS,(Intercept),1000,5,100,norm,1B,Am-ours,0.133619477230357,-0.0160957434928531,0.283334697953568,0.299430441446421,,0,A ~ 1,A1 ~ 1,0.494,C A
job_1,1,83,gold ; MVN-CC-ours ; Am-ours,OLS,(Intercept),1000,5,100,norm,1B,gold,-0.0476962921582027,-0.188874295013741,0.0934817106973355,0.282356005711076,,0,A ~ 1,A1 ~ 1,0.551,C A
job_1,1,83,gold ; MVN-CC-ours ; Am-ours,OLS,(Intercept),1000,5,100,norm,1B,MVN-CC-ours,-0.0201537003974454,-0.255895226109699,0.215587825314808,0.471483051424507,,0,A ~ 1,A1 ~ 1,0.551,C A
job_1,1,83,gold ; MVN-CC-ours ; Am-ours,OLS,(Intercept),1000,5,100,norm,1B,Am-ours,-0.0153486382162564,-0.221567094844995,0.190869818412482,0.412436913257477,,0,A ~ 1,A1 ~ 1,0.551,C A
job_1,1,84,gold ; MVN-CC-ours ; Am-ours,OLS,(Intercept),1000,5,100,norm,1B,gold,0.0937349710395142,-0.0439873313367851,0.231457273415814,0.275444604752599,,0,A ~ 1,A1 ~ 1,0.508,C A
job_1,1,84,gold ; MVN-CC-ours ; Am-ours,OLS,(Intercept),1000,5,100,norm,1B,MVN-CC-ours,0.162412565627744,-0.0157718139316913,0.340596945187179,0.35636875911887,,0,A ~ 1,A1 ~ 1,0.508,C A
job_1,1,84,gold ; MVN-CC-ours ; Am-ours,OLS,(Intercept),1000,5,100,norm,1B,Am-ours,0.165190737274654,-0.0764886182363342,0.406870092785641,0.483358711021976,,0,A ~ 1,A1 ~ 1,0.508,C A
job_1,1,85,gold ; MVN-CC-ours ; Am-ours,OLS,(Intercept),1000,5,100,norm,1B,gold,-0.0187645567171659,-0.155326255398035,0.117797141963703,0.273123397361738,,0,A ~ 1,A1 ~ 1,0.534,C A
job_1,1,85,gold ; MVN-CC-ours ; Am-ours,OLS,(Intercept),1000,5,100,norm,1B,MVN-CC-ours,0.0869219998818082,-0.111381017195027,0.285225016958643,0.396606034153669,,0,A ~ 1,A1 ~ 1,0.534,C A
job_1,1,85,gold ; MVN-CC-ours ; Am-ours,OLS,(Intercept),1000,5,100,norm,1B,Am-ours,0.0640588715360865,-0.125217045238559,0.253334788310732,0.37855183354929,,0,A ~ 1,A1 ~ 1,0.534,C A
job_1,1,86,gold ; MVN-CC-ours ; Am-ours,OLS,(Intercept),1000,5,100,norm,1B,gold,0.0182015100702588,-0.119474991678005,0.155878011818522,0.275353003496527,,0,A ~ 1,A1 ~ 1,0.479,C A
job_1,1,86,gold ; MVN-CC-ours ; Am-ours,OLS,(Intercept),1000,5,100,norm,1B,MVN-CC-ours,-0.051902468538,-0.236878649629931,0.133073712553931,0.369952362183862,,0,A ~ 1,A1 ~ 1,0.479,C A
job_1,1,86,gold ; MVN-CC-ours ; Am-ours,OLS,(Intercept),1000,5,100,norm,1B,Am-ours,-0.029370956716011,-0.230079539500607,0.171337626068585,0.401417165569192,,0,A ~ 1,A1 ~ 1,0.479,C A
job_1,1,87,gold ; MVN-CC-ours ; Am-ours,OLS,(Intercept),1000,5,100,norm,1B,gold,-0.0740255201433692,-0.211124596714931,0.0630735564281924,0.274198153143123,,0,A ~ 1,A1 ~ 1,0.507,C A
job_1,1,87,gold ; MVN-CC-ours ; Am-ours,OLS,(Intercept),1000,5,100,norm,1B,MVN-CC-ours,0.00679561204201738,-0.156205675496655,0.169796899580689,0.326002575077344,,0,A ~ 1,A1 ~ 1,0.507,C A
job_1,1,87,gold ; MVN-CC-ours ; Am-ours,OLS,(Intercept),1000,5,100,norm,1B,Am-ours,-0.0423336534112115,-0.206635917076469,0.121968610254046,0.328604527330516,,0,A ~ 1,A1 ~ 1,0.507,C A
job_1,1,88,gold ; MVN-CC-ours ; Am-ours,OLS,(Intercept),1000,5,100,norm,1B,gold,-0.174106728219892,-0.307612080626983,-0.0406013758128005,0.267010704814183,,0,A ~ 1,A1 ~ 1,0.525,C A
job_1,1,88,gold ; MVN-CC-ours ; Am-ours,OLS,(Intercept),1000,5,100,norm,1B,MVN-CC-ours,-0.133147298733962,-0.292441456456311,0.0261468589883879,0.318588315444699,,0,A ~ 1,A1 ~ 1,0.525,C A
job_1,1,88,gold ; MVN-CC-ours ; Am-ours,OLS,(Intercept),1000,5,100,norm,1B,Am-ours,-0.0768531912836775,-0.294669187189773,0.140962804622418,0.435631991812191,,0,A ~ 1,A1 ~ 1,0.525,C A
job_1,1,89,gold ; MVN-CC-ours ; Am-ours,OLS,(Intercept),1000,5,100,norm,1B,gold,0.0741192537627985,-0.0631341077211587,0.211372615246756,0.274506722967914,,0,A ~ 1,A1 ~ 1,0.481,C A
job_1,1,89,gold ; MVN-CC-ours ; Am-ours,OLS,(Intercept),1000,5,100,norm,1B,MVN-CC-ours,-0.0447970151985276,-0.290871017939087,0.201276987542032,0.492148005481119,,0,A ~ 1,A1 ~ 1,0.481,C A
job_1,1,89,gold ; MVN-CC-ours ; Am-ours,OLS,(Intercept),1000,5,100,norm,1B,Am-ours,-0.0208803041041166,-0.377820382102742,0.336059773894508,0.71388015599725,,0,A ~ 1,A1 ~ 1,0.481,C A
job_1,1,90,gold ; MVN-CC-ours ; Am-ours,OLS,(Intercept),1000,5,100,norm,1B,gold,-0.0218745636738492,-0.158591086497904,0.114841959150206,0.27343304564811,,0,A ~ 1,A1 ~ 1,0.482,C A
job_1,1,90,gold ; MVN-CC-ours ; Am-ours,OLS,(Intercept),1000,5,100,norm,1B,MVN-CC-ours,-0.0112028728061354,-0.197726825900077,0.175321080287806,0.373047906187884,,0,A ~ 1,A1 ~ 1,0.482,C A
job_1,1,90,gold ; MVN-CC-ours ; Am-ours,OLS,(Intercept),1000,5,100,norm,1B,Am-ours,-0.000321348409396325,-0.183596290100808,0.182953593282015,0.366549883382824,,0,A ~ 1,A1 ~ 1,0.482,C A
job_1,1,91,gold ; MVN-CC-ours ; Am-ours,OLS,(Intercept),1000,5,100,norm,1B,gold,-0.0687034067184296,-0.206152457632217,0.0687456441953578,0.274898101827575,,0,A ~ 1,A1 ~ 1,0.499,C A
job_1,1,91,gold ; MVN-CC-ours ; Am-ours,OLS,(Intercept),1000,5,100,norm,1B,MVN-CC-ours,-0.0304221745211761,-0.208931662538836,0.148087313496483,0.357018976035319,,0,A ~ 1,A1 ~ 1,0.499,C A
job_1,1,91,gold ; MVN-CC-ours ; Am-ours,OLS,(Intercept),1000,5,100,norm,1B,Am-ours,0.00932681030495189,-0.178586895904271,0.197240516514175,0.375827412418446,,0,A ~ 1,A1 ~ 1,0.499,C A
job_1,1,92,gold ; MVN-CC-ours ; Am-ours,OLS,(Intercept),1000,5,100,norm,1B,gold,0.0328186199568276,-0.105512778214458,0.171150018128113,0.27666279634257,,0,A ~ 1,A1 ~ 1,0.498,C A
job_1,1,92,gold ; MVN-CC-ours ; Am-ours,OLS,(Intercept),1000,5,100,norm,1B,MVN-CC-ours,0.00878000569572276,-0.192186060031353,0.209746071422798,0.401932131454151,,0,A ~ 1,A1 ~ 1,0.498,C A
job_1,1,92,gold ; MVN-CC-ours ; Am-ours,OLS,(Intercept),1000,5,100,norm,1B,Am-ours,-0.0394805103264718,-0.198925659487923,0.119964638834979,0.318890298322902,,0,A ~ 1,A1 ~ 1,0.498,C A
job_1,1,93,gold ; MVN-CC-ours ; Am-ours,OLS,(Intercept),1000,5,100,norm,1B,gold,-0.0156055043687612,-0.156438679298552,0.125227670561029,0.281666349859581,,0,A ~ 1,A1 ~ 1,0.488,C A
job_1,1,93,gold ; MVN-CC-ours ; Am-ours,OLS,(Intercept),1000,5,100,norm,1B,MVN-CC-ours,0.0853607975407242,-0.121158486298486,0.291880081379934,0.41303856767842,,0,A ~ 1,A1 ~ 1,0.488,C A
job_1,1,93,gold ; MVN-CC-ours ; Am-ours,OLS,(Intercept),1000,5,100,norm,1B,Am-ours,0.0327235908148608,-0.126127565291524,0.191574746921245,0.31770231221277,,0,A ~ 1,A1 ~ 1,0.488,C A
job_1,1,94,gold ; MVN-CC-ours ; Am-ours,OLS,(Intercept),1000,5,100,norm,1B,gold,0.0456308263505216,-0.0916774705501337,0.182939123251177,0.274616593801311,,0,A ~ 1,A1 ~ 1,0.508,C A
job_1,1,94,gold ; MVN-CC-ours ; Am-ours,OLS,(Intercept),1000,5,100,norm,1B,MVN-CC-ours,0.0797123556696249,-0.119737062633444,0.279161773972694,0.398898836606137,,0,A ~ 1,A1 ~ 1,0.508,C A
job_1,1,94,gold ; MVN-CC-ours ; Am-ours,OLS,(Intercept),1000,5,100,norm,1B,Am-ours,-0.0266818542073018,-0.405997060679994,0.35263335226539,0.758630412945384,,0,A ~ 1,A1 ~ 1,0.508,C A
job_1,1,95,gold ; MVN-CC-ours ; Am-ours,OLS,(Intercept),1000,5,100,norm,1B,gold,0.0766319425676909,-0.062787497919819,0.216051383055201,0.27883888097502,,0,A ~ 1,A1 ~ 1,0.504,C A
job_1,1,95,gold ; MVN-CC-ours ; Am-ours,OLS,(Intercept),1000,5,100,norm,1B,MVN-CC-ours,-0.0647553541186207,-0.374744079552757,0.245233371315516,0.619977450868272,,0,A ~ 1,A1 ~ 1,0.504,C A
job_1,1,95,gold ; MVN-CC-ours ; Am-ours,OLS,(Intercept),1000,5,100,norm,1B,Am-ours,-0.0618795920493635,-0.358219478178011,0.234460294079284,0.592679772257295,,0,A ~ 1,A1 ~ 1,0.504,C A
job_1,1,96,gold ; MVN-CC-ours ; Am-ours,OLS,(Intercept),1000,5,100,norm,1B,gold,0.136176161233609,-0.000893251013726976,0.273245573480944,0.274138824494671,,0,A ~ 1,A1 ~ 1,0.491,C A
job_1,1,96,gold ; MVN-CC-ours ; Am-ours,OLS,(Intercept),1000,5,100,norm,1B,MVN-CC-ours,-0.00504312696686052,-0.261916576885052,0.251830322951331,0.513746899836382,,0,A ~ 1,A1 ~ 1,0.491,C A
job_1,1,96,gold ; MVN-CC-ours ; Am-ours,OLS,(Intercept),1000,5,100,norm,1B,Am-ours,-0.0537779539293365,-0.28403498080815,0.176479072949477,0.460514053757626,,0,A ~ 1,A1 ~ 1,0.491,C A
job_1,1,97,gold ; MVN-CC-ours ; Am-ours,OLS,(Intercept),1000,5,100,norm,1B,gold,0.0630723310693218,-0.0749992568010898,0.201143918939733,0.276143175740823,,0,A ~ 1,A1 ~ 1,0.48,C A
job_1,1,97,gold ; MVN-CC-ours ; Am-ours,OLS,(Intercept),1000,5,100,norm,1B,MVN-CC-ours,0.0616927813405651,-0.174024541829396,0.297410104510526,0.471434646339922,,0,A ~ 1,A1 ~ 1,0.48,C A
job_1,1,97,gold ; MVN-CC-ours ; Am-ours,OLS,(Intercept),1000,5,100,norm,1B,Am-ours,0.025682336349562,-0.17829123608254,0.229655908781664,0.407947144864205,,0,A ~ 1,A1 ~ 1,0.48,C A
job_1,1,98,gold ; MVN-CC-ours ; Am-ours,OLS,(Intercept),1000,5,100,norm,1B,gold,0.0322224976794343,-0.107403387488187,0.171848382847056,0.279251770335243,,0,A ~ 1,A1 ~ 1,0.515,C A
job_1,1,98,gold ; MVN-CC-ours ; Am-ours,OLS,(Intercept),1000,5,100,norm,1B,MVN-CC-ours,0.05145666889587,-0.168219137885508,0.271132475677249,0.439351613562757,,0,A ~ 1,A1 ~ 1,0.515,C A
job_1,1,98,gold ; MVN-CC-ours ; Am-ours,OLS,(Intercept),1000,5,100,norm,1B,Am-ours,0.0404112459105108,-0.13664991026951,0.217472402090531,0.354122312360041,,0,A ~ 1,A1 ~ 1,0.515,C A
job_1,1,99,gold ; MVN-CC-ours ; Am-ours,OLS,(Intercept),1000,5,100,norm,1B,gold,-0.0549335192318067,-0.190252412423115,0.0803853739595012,0.270637786382616,,0,A ~ 1,A1 ~ 1,0.475,C A
job_1,1,99,gold ; MVN-CC-ours ; Am-ours,OLS,(Intercept),1000,5,100,norm,1B,MVN-CC-ours,0.01025805824046,-0.167702340455594,0.188218456936514,0.355920797392108,,0,A ~ 1,A1 ~ 1,0.475,C A
job_1,1,99,gold ; MVN-CC-ours ; Am-ours,OLS,(Intercept),1000,5,100,norm,1B,Am-ours,-0.0657232412348789,-0.322133090588956,0.190686608119198,0.512819698708154,,0,A ~ 1,A1 ~ 1,0.475,C A
job_1,1,100,gold ; MVN-CC-ours ; Am-ours,OLS,(Intercept),1000,5,100,norm,1B,gold,-0.0366218918586777,-0.170660333497127,0.0974165497797713,0.268076883276898,,0,A ~ 1,A1 ~ 1,0.524,C A
job_1,1,100,gold ; MVN-CC-ours ; Am-ours,OLS,(Intercept),1000,5,100,norm,1B,MVN-CC-ours,-0.0459773527860576,-0.281969337959375,0.190014632387259,0.471983970346634,,0,A ~ 1,A1 ~ 1,0.524,C A
job_1,1,100,gold ; MVN-CC-ours ; Am-ours,OLS,(Intercept),1000,5,100,norm,1B,Am-ours,-0.0748489293111029,-0.327030133313552,0.177332274691346,0.504362408004898,,0,A ~ 1,A1 ~ 1,0.524,C A
job_1,1,101,gold ; MVN-CC-ours ; Am-ours,OLS,(Intercept),1000,5,100,norm,1B,gold,-0.00169179098503571,-0.135506731908926,0.132123149938855,0.267629881847781,,0,A ~ 1,A1 ~ 1,0.496,C A
job_1,1,101,gold ; MVN-CC-ours ; Am-ours,OLS,(Intercept),1000,5,100,norm,1B,MVN-CC-ours,0.0207028963173253,-0.184900358867468,0.226306151502119,0.411206510369586,,0,A ~ 1,A1 ~ 1,0.496,C A
job_1,1,101,gold ; MVN-CC-ours ; Am-ours,OLS,(Intercept),1000,5,100,norm,1B,Am-ours,0.0469688040089738,-0.134230539052839,0.228168147070786,0.362398686123625,,0,A ~ 1,A1 ~ 1,0.496,C A
job_1,1,102,gold ; MVN-CC-ours ; Am-ours,OLS,(Intercept),1000,5,100,norm,1B,gold,-0.154925214029684,-0.290199805212717,-0.0196506228466512,0.270549182366066,,0,A ~ 1,A1 ~ 1,0.486,C A
job_1,1,102,gold ; MVN-CC-ours ; Am-ours,OLS,(Intercept),1000,5,100,norm,1B,MVN-CC-ours,-0.0198338764387258,-0.245089745729678,0.205421992852226,0.450511738581904,,0,A ~ 1,A1 ~ 1,0.486,C A
job_1,1,102,gold ; MVN-CC-ours ; Am-ours,OLS,(Intercept),1000,5,100,norm,1B,Am-ours,0.0338660304215196,-0.120236473614056,0.187968534457095,0.308205008071152,,0,A ~ 1,A1 ~ 1,0.486,C A
job_1,1,103,gold ; MVN-CC-ours ; Am-ours,OLS,(Intercept),1000,5,100,norm,1B,gold,-0.0518722665422522,-0.179681089276588,0.0759365561920838,0.255617645468672,,0,A ~ 1,A1 ~ 1,0.487,C A
job_1,1,103,gold ; MVN-CC-ours ; Am-ours,OLS,(Intercept),1000,5,100,norm,1B,MVN-CC-ours,0.00923781922336846,-0.272434909650325,0.290910548097062,0.563345457747386,,0,A ~ 1,A1 ~ 1,0.487,C A
job_1,1,103,gold ; MVN-CC-ours ; Am-ours,OLS,(Intercept),1000,5,100,norm,1B,Am-ours,-0.0522178350549706,-0.270641500047489,0.166205829937548,0.436847329985038,,0,A ~ 1,A1 ~ 1,0.487,C A
job_1,1,104,gold ; MVN-CC-ours ; Am-ours,OLS,(Intercept),1000,5,100,norm,1B,gold,0.0298220893002025,-0.112197018688048,0.171841197288453,0.284038215976501,,0,A ~ 1,A1 ~ 1,0.472,C A
job_1,1,104,gold ; MVN-CC-ours ; Am-ours,OLS,(Intercept),1000,5,100,norm,1B,MVN-CC-ours,0.0096371103920677,-0.199094919922527,0.218369140706662,0.417464060629189,,0,A ~ 1,A1 ~ 1,0.472,C A
job_1,1,104,gold ; MVN-CC-ours ; Am-ours,OLS,(Intercept),1000,5,100,norm,1B,Am-ours,0.0439411645560001,-0.160724190027175,0.248606519139175,0.40933070916635,,0,A ~ 1,A1 ~ 1,0.472,C A
job_1,1,105,gold ; MVN-CC-ours ; Am-ours,OLS,(Intercept),1000,5,100,norm,1B,gold,-0.0515992499700099,-0.190735531337729,0.087537031397709,0.278272562735438,,0,A ~ 1,A1 ~ 1,0.485,C A
job_1,1,105,gold ; MVN-CC-ours ; Am-ours,OLS,(Intercept),1000,5,100,norm,1B,MVN-CC-ours,-0.0875711840126137,-0.28963408226092,0.114491714235693,0.404125796496614,,0,A ~ 1,A1 ~ 1,0.485,C A
job_1,1,105,gold ; MVN-CC-ours ; Am-ours,OLS,(Intercept),1000,5,100,norm,1B,Am-ours,-0.115078060609834,-0.300651583873917,0.0704954626542487,0.371147046528165,,0,A ~ 1,A1 ~ 1,0.485,C A
job_1,1,106,gold ; MVN-CC-ours ; Am-ours,OLS,(Intercept),1000,5,100,norm,1B,gold,-0.0559882986511435,-0.194768223546031,0.0827916262437442,0.277559849789775,,0,A ~ 1,A1 ~ 1,0.508,C A
job_1,1,106,gold ; MVN-CC-ours ; Am-ours,OLS,(Intercept),1000,5,100,norm,1B,MVN-CC-ours,0.0271386005057009,-0.185646096555583,0.239923297566985,0.425569394122569,,0,A ~ 1,A1 ~ 1,0.508,C A
job_1,1,106,gold ; MVN-CC-ours ; Am-ours,OLS,(Intercept),1000,5,100,norm,1B,Am-ours,0.0264717646278081,-0.174077612021327,0.227021141276943,0.40109875329827,,0,A ~ 1,A1 ~ 1,0.508,C A
job_1,1,107,gold ; MVN-CC-ours ; Am-ours,OLS,(Intercept),1000,5,100,norm,1B,gold,-0.110012203369472,-0.245471496089903,0.0254470893509586,0.270918585440861,,0,A ~ 1,A1 ~ 1,0.528,C A
job_1,1,107,gold ; MVN-CC-ours ; Am-ours,OLS,(Intercept),1000,5,100,norm,1B,MVN-CC-ours,-0.244857520860435,-0.59160405548298,0.10188901376211,0.693493069245089,,0,A ~ 1,A1 ~ 1,0.528,C A
job_1,1,107,gold ; MVN-CC-ours ; Am-ours,OLS,(Intercept),1000,5,100,norm,1B,Am-ours,-0.145955058363046,-0.370692639448574,0.0787825227224819,0.449475162171055,,0,A ~ 1,A1 ~ 1,0.528,C A
job_1,1,108,gold ; MVN-CC-ours ; Am-ours,OLS,(Intercept),1000,5,100,norm,1B,gold,-0.0111914398409354,-0.148431523730546,0.126048644048675,0.27448016777922,,0,A ~ 1,A1 ~ 1,0.524,C A
job_1,1,108,gold ; MVN-CC-ours ; Am-ours,OLS,(Intercept),1000,5,100,norm,1B,MVN-CC-ours,-0.132589552899456,-0.298174872787375,0.0329957669884626,0.331170639775838,,0,A ~ 1,A1 ~ 1,0.524,C A
job_1,1,108,gold ; MVN-CC-ours ; Am-ours,OLS,(Intercept),1000,5,100,norm,1B,Am-ours,-0.0601997497526775,-0.312530626977518,0.192131127472163,0.504661754449682,,0,A ~ 1,A1 ~ 1,0.524,C A
job_1,1,109,gold ; MVN-CC-ours ; Am-ours,OLS,(Intercept),1000,5,100,norm,1B,gold,0.0390093552248013,-0.0962681813085639,0.174286891758167,0.27055507306673,,0,A ~ 1,A1 ~ 1,0.499,C A
job_1,1,109,gold ; MVN-CC-ours ; Am-ours,OLS,(Intercept),1000,5,100,norm,1B,MVN-CC-ours,0.0654106154935242,-0.192700002172446,0.323521233159494,0.51622123533194,,0,A ~ 1,A1 ~ 1,0.499,C A
job_1,1,109,gold ; MVN-CC-ours ; Am-ours,OLS,(Intercept),1000,5,100,norm,1B,Am-ours,-0.0021394635953459,-0.243712845813836,0.239433918623144,0.483146764436981,,0,A ~ 1,A1 ~ 1,0.499,C A
job_1,1,110,gold ; MVN-CC-ours ; Am-ours,OLS,(Intercept),1000,5,100,norm,1B,gold,0.0844288977892007,-0.0531963994640525,0.222054195042454,0.275250594506506,,0,A ~ 1,A1 ~ 1,0.528,C A
job_1,1,110,gold ; MVN-CC-ours ; Am-ours,OLS,(Intercept),1000,5,100,norm,1B,MVN-CC-ours,0.0851922933140179,-0.104105194898852,0.274489781526887,0.378594976425739,,0,A ~ 1,A1 ~ 1,0.528,C A
job_1,1,110,gold ; MVN-CC-ours ; Am-ours,OLS,(Intercept),1000,5,100,norm,1B,Am-ours,0.0646212060194842,-0.0835086891574755,0.212751101196444,0.296259790353919,,0,A ~ 1,A1 ~ 1,0.528,C A
job_1,1,111,gold ; MVN-CC-ours ; Am-ours,OLS,(Intercept),1000,5,100,norm,1B,gold,-0.0708510569325254,-0.208667296700029,0.0669651828349779,0.275632479535007,,0,A ~ 1,A1 ~ 1,0.48,C A
job_1,1,111,gold ; MVN-CC-ours ; Am-ours,OLS,(Intercept),1000,5,100,norm,1B,MVN-CC-ours,-0.119311207684813,-0.363942130924582,0.125319715554956,0.489261846479538,,0,A ~ 1,A1 ~ 1,0.48,C A
job_1,1,111,gold ; MVN-CC-ours ; Am-ours,OLS,(Intercept),1000,5,100,norm,1B,Am-ours,-0.106916812464072,-0.422123031497076,0.208289406568932,0.630412438066007,,0,A ~ 1,A1 ~ 1,0.48,C A
job_1,1,112,gold ; MVN-CC-ours ; Am-ours,OLS,(Intercept),1000,5,100,norm,1B,gold,0.0355558102391607,-0.100168574993975,0.171280195472296,0.271448770466271,,0,A ~ 1,A1 ~ 1,0.503,C A
job_1,1,112,gold ; MVN-CC-ours ; Am-ours,OLS,(Intercept),1000,5,100,norm,1B,MVN-CC-ours,0.0638638821352631,-0.125675399469275,0.253403163739801,0.379078563209077,,0,A ~ 1,A1 ~ 1,0.503,C A
job_1,1,112,gold ; MVN-CC-ours ; Am-ours,OLS,(Intercept),1000,5,100,norm,1B,Am-ours,0.0255832040674322,-0.135651927624348,0.186818335759212,0.32247026338356,,0,A ~ 1,A1 ~ 1,0.503,C A
job_1,1,113,gold ; MVN-CC-ours ; Am-ours,OLS,(Intercept),1000,5,100,norm,1B,gold,0.00898809703829572,-0.126623271014761,0.144599465091352,0.271222736106113,,0,A ~ 1,A1 ~ 1,0.516,C A
job_1,1,113,gold ; MVN-CC-ours ; Am-ours,OLS,(Intercept),1000,5,100,norm,1B,MVN-CC-ours,-0.0156550132076508,-0.19134526472135,0.160035238306049,0.351380503027399,,0,A ~ 1,A1 ~ 1,0.516,C A
job_1,1,113,gold ; MVN-CC-ours ; Am-ours,OLS,(Intercept),1000,5,100,norm,1B,Am-ours,-0.0172570234591608,-0.227064675676915,0.192550628758593,0.419615304435508,,0,A ~ 1,A1 ~ 1,0.516,C A
job_1,1,114,gold ; MVN-CC-ours ; Am-ours,OLS,(Intercept),1000,5,100,norm,1B,gold,0.0274201647424143,-0.111912280331749,0.166752609816578,0.278664890148327,,0,A ~ 1,A1 ~ 1,0.501,C A
job_1,1,114,gold ; MVN-CC-ours ; Am-ours,OLS,(Intercept),1000,5,100,norm,1B,MVN-CC-ours,0.0670944095141778,-0.203692110216351,0.337880929244706,0.541573039461057,,0,A ~ 1,A1 ~ 1,0.501,C A
job_1,1,114,gold ; MVN-CC-ours ; Am-ours,OLS,(Intercept),1000,5,100,norm,1B,Am-ours,0.0522078098718257,-0.104217972739368,0.208633592483019,0.312851565222387,,0,A ~ 1,A1 ~ 1,0.501,C A
job_1,1,115,gold ; MVN-CC-ours ; Am-ours,OLS,(Intercept),1000,5,100,norm,1B,gold,-0.0173134590988446,-0.157704663909772,0.123077745712083,0.280782409621854,,0,A ~ 1,A1 ~ 1,0.497,C A
job_1,1,115,gold ; MVN-CC-ours ; Am-ours,OLS,(Intercept),1000,5,100,norm,1B,MVN-CC-ours,-0.0559025984125599,-0.238592263653522,0.126787066828402,0.365379330481924,,0,A ~ 1,A1 ~ 1,0.497,C A
job_1,1,115,gold ; MVN-CC-ours ; Am-ours,OLS,(Intercept),1000,5,100,norm,1B,Am-ours,-0.0511905297298071,-0.276132603409389,0.173751543949775,0.449884147359164,,0,A ~ 1,A1 ~ 1,0.497,C A
job_1,1,116,gold ; MVN-CC-ours ; Am-ours,OLS,(Intercept),1000,5,100,norm,1B,gold,-0.0355708036861476,-0.17511596172745,0.103974354355155,0.279090316082605,,0,A ~ 1,A1 ~ 1,0.511,C A
job_1,1,116,gold ; MVN-CC-ours ; Am-ours,OLS,(Intercept),1000,5,100,norm,1B,MVN-CC-ours,0.0398779705894544,-0.155160919039497,0.234916860218406,0.390077779257904,,0,A ~ 1,A1 ~ 1,0.511,C A
job_1,1,116,gold ; MVN-CC-ours ; Am-ours,OLS,(Intercept),1000,5,100,norm,1B,Am-ours,-0.0371515468412546,-0.255114626328542,0.180811532646033,0.435926158974575,,0,A ~ 1,A1 ~ 1,0.511,C A
job_1,1,117,gold ; MVN-CC-ours ; Am-ours,OLS,(Intercept),1000,5,100,norm,1B,gold,0.0557347036758015,-0.0817009523030675,0.19317035965467,0.274871311957738,,0,A ~ 1,A1 ~ 1,0.486,C A
job_1,1,117,gold ; MVN-CC-ours ; Am-ours,OLS,(Intercept),1000,5,100,norm,1B,MVN-CC-ours,0.0483591198229774,-0.159686601120223,0.256404840766178,0.4160914418864,,0,A ~ 1,A1 ~ 1,0.486,C A
job_1,1,117,gold ; MVN-CC-ours ; Am-ours,OLS,(Intercept),1000,5,100,norm,1B,Am-ours,0.108002484622873,-0.0577299047856252,0.273734874031372,0.331464778816997,,0,A ~ 1,A1 ~ 1,0.486,C A
job_1,1,118,gold ; MVN-CC-ours ; Am-ours,OLS,(Intercept),1000,5,100,norm,1B,gold,0.0297556480974063,-0.109700125885646,0.169211422080458,0.278911547966104,,0,A ~ 1,A1 ~ 1,0.498,C A
job_1,1,118,gold ; MVN-CC-ours ; Am-ours,OLS,(Intercept),1000,5,100,norm,1B,MVN-CC-ours,-0.00182382605973087,-0.157343416285378,0.153695764165916,0.311039180451294,,0,A ~ 1,A1 ~ 1,0.498,C A
job_1,1,118,gold ; MVN-CC-ours ; Am-ours,OLS,(Intercept),1000,5,100,norm,1B,Am-ours,0.00655767567096883,-0.230646241754065,0.243761593096003,0.474407834850068,,0,A ~ 1,A1 ~ 1,0.498,C A
job_1,1,119,gold ; MVN-CC-ours ; Am-ours,OLS,(Intercept),1000,5,100,norm,1B,gold,0.182130994122022,0.0362209200999372,0.328041068144107,0.291820148044169,,0,A ~ 1,A1 ~ 1,0.509,C A
job_1,1,119,gold ; MVN-CC-ours ; Am-ours,OLS,(Intercept),1000,5,100,norm,1B,MVN-CC-ours,0.20755447365139,0.0147357244952686,0.400373222807511,0.385637498312242,,0,A ~ 1,A1 ~ 1,0.509,C A
job_1,1,119,gold ; MVN-CC-ours ; Am-ours,OLS,(Intercept),1000,5,100,norm,1B,Am-ours,0.215633825266964,0.0274355911258361,0.403832059408092,0.376396468282256,,0,A ~ 1,A1 ~ 1,0.509,C A
job_1,1,120,gold ; MVN-CC-ours ; Am-ours,OLS,(Intercept),1000,5,100,norm,1B,gold,0.0282164773525702,-0.111876055869288,0.168309010574428,0.280185066443716,,0,A ~ 1,A1 ~ 1,0.499,C A
job_1,1,120,gold ; MVN-CC-ours ; Am-ours,OLS,(Intercept),1000,5,100,norm,1B,MVN-CC-ours,-0.0169410548108787,-0.288562659074011,0.254680549452254,0.543243208526265,,0,A ~ 1,A1 ~ 1,0.499,C A
job_1,1,120,gold ; MVN-CC-ours ; Am-ours,OLS,(Intercept),1000,5,100,norm,1B,Am-ours,-0.112329668826776,-0.366763033626722,0.142103695973169,0.508866729599891,,0,A ~ 1,A1 ~ 1,0.499,C A
job_1,1,121,gold ; MVN-CC-ours ; Am-ours,OLS,(Intercept),1000,5,100,norm,1B,gold,-0.0295089547523141,-0.168986069572361,0.109968160067733,0.278954229640095,,0,A ~ 1,A1 ~ 1,0.495,C A
job_1,1,121,gold ; MVN-CC-ours ; Am-ours,OLS,(Intercept),1000,5,100,norm,1B,MVN-CC-ours,-0.0296138031461073,-0.251627665834899,0.192400059542684,0.444027725377583,,0,A ~ 1,A1 ~ 1,0.495,C A
job_1,1,121,gold ; MVN-CC-ours ; Am-ours,OLS,(Intercept),1000,5,100,norm,1B,Am-ours,-0.0288780323609514,-0.20838310631347,0.150627041591568,0.359010147905038,,0,A ~ 1,A1 ~ 1,0.495,C A
job_1,1,122,gold ; MVN-CC-ours ; Am-ours,OLS,(Intercept),1000,5,100,norm,1B,gold,-0.0526280308872007,-0.187818771253889,0.0825627094794872,0.270381480733376,,0,A ~ 1,A1 ~ 1,0.506,C A
job_1,1,122,gold ; MVN-CC-ours ; Am-ours,OLS,(Intercept),1000,5,100,norm,1B,MVN-CC-ours,-0.00257244649120938,-0.25934698335732,0.254202090374902,0.513549073732222,,0,A ~ 1,A1 ~ 1,0.506,C A
job_1,1,122,gold ; MVN-CC-ours ; Am-ours,OLS,(Intercept),1000,5,100,norm,1B,Am-ours,0.0278137402639414,-0.13677914874347,0.192406629271353,0.329185778014823,,0,A ~ 1,A1 ~ 1,0.506,C A
job_1,1,123,gold ; MVN-CC-ours ; Am-ours,OLS,(Intercept),1000,5,100,norm,1B,gold,-0.0205658259751335,-0.161132443503604,0.120000791553337,0.281133235056941,,0,A ~ 1,A1 ~ 1,0.507,C A
job_1,1,123,gold ; MVN-CC-ours ; Am-ours,OLS,(Intercept),1000,5,100,norm,1B,MVN-CC-ours,0.0766793740269913,-0.123549628555136,0.276908376609119,0.400458005164254,,0,A ~ 1,A1 ~ 1,0.507,C A
job_1,1,123,gold ; MVN-CC-ours ; Am-ours,OLS,(Intercept),1000,5,100,norm,1B,Am-ours,0.0507540354042952,-0.246829371304358,0.348337442112948,0.595166813417306,,0,A ~ 1,A1 ~ 1,0.507,C A
job_1,1,124,gold ; MVN-CC-ours ; Am-ours,OLS,(Intercept),1000,5,100,norm,1B,gold,0.0911834591528995,-0.0477203437820925,0.230087262087891,0.277807605869984,,0,A ~ 1,A1 ~ 1,0.485,C A
job_1,1,124,gold ; MVN-CC-ours ; Am-ours,OLS,(Intercept),1000,5,100,norm,1B,MVN-CC-ours,0.0681541720484978,-0.146715170006049,0.283023514103045,0.429738684109094,,0,A ~ 1,A1 ~ 1,0.485,C A
job_1,1,124,gold ; MVN-CC-ours ; Am-ours,OLS,(Intercept),1000,5,100,norm,1B,Am-ours,0.10403266211152,-0.0634965341240356,0.271561858347076,0.335058392471112,,0,A ~ 1,A1 ~ 1,0.485,C A
job_1,1,125,gold ; MVN-CC-ours ; Am-ours,OLS,(Intercept),1000,5,100,norm,1B,gold,0.0817955240902596,-0.0554569705142366,0.219048018694756,0.274504989208993,,0,A ~ 1,A1 ~ 1,0.519,C A
job_1,1,125,gold ; MVN-CC-ours ; Am-ours,OLS,(Intercept),1000,5,100,norm,1B,MVN-CC-ours,0.165922888907882,-0.0324438920482611,0.364289669864024,0.396733561912285,,0,A ~ 1,A1 ~ 1,0.519,C A
job_1,1,125,gold ; MVN-CC-ours ; Am-ours,OLS,(Intercept),1000,5,100,norm,1B,Am-ours,0.217890888838407,-0.0448311884187809,0.480612966095596,0.525444154514377,,0,A ~ 1,A1 ~ 1,0.519,C A
job_1,1,126,gold ; MVN-CC-ours ; Am-ours,OLS,(Intercept),1000,5,100,norm,1B,gold,-0.0821536620025747,-0.218449668874366,0.0541423448692169,0.272592013743583,,0,A ~ 1,A1 ~ 1,0.517,C A
job_1,1,126,gold ; MVN-CC-ours ; Am-ours,OLS,(Intercept),1000,5,100,norm,1B,MVN-CC-ours,-0.0825902093215557,-0.298974522337541,0.13379410369443,0.432768626031971,,0,A ~ 1,A1 ~ 1,0.517,C A
job_1,1,126,gold ; MVN-CC-ours ; Am-ours,OLS,(Intercept),1000,5,100,norm,1B,Am-ours,-0.078539702147405,-0.431448226592084,0.274368822297274,0.705817048889358,,0,A ~ 1,A1 ~ 1,0.517,C A
job_1,1,127,gold ; MVN-CC-ours ; Am-ours,OLS,(Intercept),1000,5,100,norm,1B,gold,0.0243738805066366,-0.110602096536001,0.159349857549274,0.269951954085275,,0,A ~ 1,A1 ~ 1,0.482,C A
job_1,1,127,gold ; MVN-CC-ours ; Am-ours,OLS,(Intercept),1000,5,100,norm,1B,MVN-CC-ours,0.0767071654098058,-0.123311987119774,0.276726317939385,0.400038305059159,,0,A ~ 1,A1 ~ 1,0.482,C A
job_1,1,127,gold ; MVN-CC-ours ; Am-ours,OLS,(Intercept),1000,5,100,norm,1B,Am-ours,0.0949065035010253,-0.0876815245648908,0.277494531566941,0.365176056131832,,0,A ~ 1,A1 ~ 1,0.482,C A
job_1,1,128,gold ; MVN-CC-ours ; Am-ours,OLS,(Intercept),1000,5,100,norm,1B,gold,-0.00950547908594548,-0.147140668633955,0.128129710462064,0.275270379096019,,0,A ~ 1,A1 ~ 1,0.5,C A
job_1,1,128,gold ; MVN-CC-ours ; Am-ours,OLS,(Intercept),1000,5,100,norm,1B,MVN-CC-ours,0.0569237354542614,-0.0883531071786585,0.202200578087181,0.29055368526584,,0,A ~ 1,A1 ~ 1,0.5,C A
job_1,1,128,gold ; MVN-CC-ours ; Am-ours,OLS,(Intercept),1000,5,100,norm,1B,Am-ours,0.0746570527191001,-0.110313219161665,0.259627324599866,0.369940543761531,,0,A ~ 1,A1 ~ 1,0.5,C A
job_1,1,129,gold ; MVN-CC-ours ; Am-ours,OLS,(Intercept),1000,5,100,norm,1B,gold,0.0491883036597752,-0.0941902404759506,0.192566847795501,0.286757088271452,,0,A ~ 1,A1 ~ 1,0.49,C A
job_1,1,129,gold ; MVN-CC-ours ; Am-ours,OLS,(Intercept),1000,5,100,norm,1B,MVN-CC-ours,0.0369262133190158,-0.320827340215197,0.394679766853228,0.715507107068425,,0,A ~ 1,A1 ~ 1,0.49,C A
job_1,1,129,gold ; MVN-CC-ours ; Am-ours,OLS,(Intercept),1000,5,100,norm,1B,Am-ours,0.0767706483441126,-0.0917668636723077,0.245308160360533,0.337075024032841,,0,A ~ 1,A1 ~ 1,0.49,C A
job_1,1,130,gold ; MVN-CC-ours ; Am-ours,OLS,(Intercept),1000,5,100,norm,1B,gold,0.0170625855292469,-0.124907482017461,0.159032653075955,0.283940135093416,,0,A ~ 1,A1 ~ 1,0.525,C A
job_1,1,130,gold ; MVN-CC-ours ; Am-ours,OLS,(Intercept),1000,5,100,norm,1B,MVN-CC-ours,0.075531577774719,-0.131208418557373,0.282271574106811,0.413479992664184,,0,A ~ 1,A1 ~ 1,0.525,C A
job_1,1,130,gold ; MVN-CC-ours ; Am-ours,OLS,(Intercept),1000,5,100,norm,1B,Am-ours,0.0606325689303924,-0.113436783588791,0.234701921449576,0.348138705038367,,0,A ~ 1,A1 ~ 1,0.525,C A
job_1,1,131,gold ; MVN-CC-ours ; Am-ours,OLS,(Intercept),1000,5,100,norm,1B,gold,-0.0230521746543112,-0.163184580285387,0.117080230976765,0.280264811262152,,0,A ~ 1,A1 ~ 1,0.509,C A
job_1,1,131,gold ; MVN-CC-ours ; Am-ours,OLS,(Intercept),1000,5,100,norm,1B,MVN-CC-ours,-0.0475863265214184,-0.215569662751049,0.120397009708212,0.335966672459261,,0,A ~ 1,A1 ~ 1,0.509,C A
job_1,1,131,gold ; MVN-CC-ours ; Am-ours,OLS,(Intercept),1000,5,100,norm,1B,Am-ours,-0.0578628132415345,-0.296436730578773,0.180711104095705,0.477147834674478,,0,A ~ 1,A1 ~ 1,0.509,C A
job_1,1,132,gold ; MVN-CC-ours ; Am-ours,OLS,(Intercept),1000,5,100,norm,1B,gold,-0.0915950409086945,-0.232895744412925,0.0497056625955357,0.28260140700846,,0,A ~ 1,A1 ~ 1,0.504,C A
job_1,1,132,gold ; MVN-CC-ours ; Am-ours,OLS,(Intercept),1000,5,100,norm,1B,MVN-CC-ours,-0.0376905039457503,-0.276509997376411,0.201128989484911,0.477638986861322,,0,A ~ 1,A1 ~ 1,0.504,C A
job_1,1,132,gold ; MVN-CC-ours ; Am-ours,OLS,(Intercept),1000,5,100,norm,1B,Am-ours,-0.0565244538514938,-0.396265835796081,0.283216928093093,0.679482763889174,,0,A ~ 1,A1 ~ 1,0.504,C A
job_1,1,133,gold ; MVN-CC-ours ; Am-ours,OLS,(Intercept),1000,5,100,norm,1B,gold,0.010937124136264,-0.128605191074188,0.150479439346716,0.279084630420903,,0,A ~ 1,A1 ~ 1,0.463,C A
job_1,1,133,gold ; MVN-CC-ours ; Am-ours,OLS,(Intercept),1000,5,100,norm,1B,MVN-CC-ours,-0.126093919865238,-0.301875162169754,0.0496873224392769,0.351562484609031,,0,A ~ 1,A1 ~ 1,0.463,C A
job_1,1,133,gold ; MVN-CC-ours ; Am-ours,OLS,(Intercept),1000,5,100,norm,1B,Am-ours,-0.100122889304147,-0.412666508809729,0.212420730201436,0.625087239011164,,0,A ~ 1,A1 ~ 1,0.463,C A
job_1,1,134,gold ; MVN-CC-ours ; Am-ours,OLS,(Intercept),1000,5,100,norm,1B,gold,0.102883949840214,-0.0314022619962219,0.237170161676649,0.268572423672871,,0,A ~ 1,A1 ~ 1,0.474,C A
job_1,1,134,gold ; MVN-CC-ours ; Am-ours,OLS,(Intercept),1000,5,100,norm,1B,MVN-CC-ours,0.145622424203448,-0.196950614300792,0.488195462707688,0.68514607700848,,0,A ~ 1,A1 ~ 1,0.474,C A
job_1,1,134,gold ; MVN-CC-ours ; Am-ours,OLS,(Intercept),1000,5,100,norm,1B,Am-ours,0.148510225155028,-0.210696892677249,0.507717342987306,0.718414235664555,,0,A ~ 1,A1 ~ 1,0.474,C A
job_1,1,135,gold ; MVN-CC-ours ; Am-ours,OLS,(Intercept),1000,5,100,norm,1B,gold,0.0256165802615655,-0.116203114163547,0.167436274686678,0.283639388850224,,0,A ~ 1,A1 ~ 1,0.499,C A
job_1,1,135,gold ; MVN-CC-ours ; Am-ours,OLS,(Intercept),1000,5,100,norm,1B,MVN-CC-ours,0.0124738338156235,-0.181252944722024,0.206200612353271,0.387453557075295,,0,A ~ 1,A1 ~ 1,0.499,C A
job_1,1,135,gold ; MVN-CC-ours ; Am-ours,OLS,(Intercept),1000,5,100,norm,1B,Am-ours,-0.0188410048972295,-0.253328883214825,0.215646873420366,0.468975756635191,,0,A ~ 1,A1 ~ 1,0.499,C A
job_1,1,136,gold ; MVN-CC-ours ; Am-ours,OLS,(Intercept),1000,5,100,norm,1B,gold,-0.091488335910264,-0.231719585602337,0.0487429137818093,0.280462499384146,,0,A ~ 1,A1 ~ 1,0.532,C A
job_1,1,136,gold ; MVN-CC-ours ; Am-ours,OLS,(Intercept),1000,5,100,norm,1B,MVN-CC-ours,-0.020651864539033,-0.23934099967748,0.198037270599414,0.437378270276894,,0,A ~ 1,A1 ~ 1,0.532,C A
job_1,1,136,gold ; MVN-CC-ours ; Am-ours,OLS,(Intercept),1000,5,100,norm,1B,Am-ours,0.0720780466405767,-0.265154885814781,0.409310979095934,0.674465864910714,,0,A ~ 1,A1 ~ 1,0.532,C A
job_1,1,137,gold ; MVN-CC-ours ; Am-ours,OLS,(Intercept),1000,5,100,norm,1B,gold,0.0815784872116204,-0.0560719559330874,0.219228930356328,0.275300886289415,,0,A ~ 1,A1 ~ 1,0.501,C A
job_1,1,137,gold ; MVN-CC-ours ; Am-ours,OLS,(Intercept),1000,5,100,norm,1B,MVN-CC-ours,0.0352347281928382,-0.114864962789296,0.185334419174973,0.300199381964269,,0,A ~ 1,A1 ~ 1,0.501,C A
job_1,1,137,gold ; MVN-CC-ours ; Am-ours,OLS,(Intercept),1000,5,100,norm,1B,Am-ours,-0.00750747370925221,-0.177232216044764,0.16221726862626,0.339449484671024,,0,A ~ 1,A1 ~ 1,0.501,C A
job_1,1,138,gold ; MVN-CC-ours ; Am-ours,OLS,(Intercept),1000,5,100,norm,1B,gold,-0.0895213801457817,-0.230996441972947,0.0519536816813833,0.28295012365433,,0,A ~ 1,A1 ~ 1,0.49,C A
job_1,1,138,gold ; MVN-CC-ours ; Am-ours,OLS,(Intercept),1000,5,100,norm,1B,MVN-CC-ours,-0.24407699013042,-0.442378284205974,-0.0457756960548655,0.396602588151108,,0,A ~ 1,A1 ~ 1,0.49,C A
job_1,1,138,gold ; MVN-CC-ours ; Am-ours,OLS,(Intercept),1000,5,100,norm,1B,Am-ours,-0.250224018045462,-0.531375819876214,0.0309277837852892,0.562303603661503,,0,A ~ 1,A1 ~ 1,0.49,C A
job_1,1,139,gold ; MVN-CC-ours ; Am-ours,OLS,(Intercept),1000,5,100,norm,1B,gold,0.0462115896514927,-0.091370179028151,0.183793358331136,0.275163537359287,,0,A ~ 1,A1 ~ 1,0.503,C A
job_1,1,139,gold ; MVN-CC-ours ; Am-ours,OLS,(Intercept),1000,5,100,norm,1B,MVN-CC-ours,0.0939394171263757,-0.0773410444044753,0.265219878657227,0.342560923061702,,0,A ~ 1,A1 ~ 1,0.503,C A
job_1,1,139,gold ; MVN-CC-ours ; Am-ours,OLS,(Intercept),1000,5,100,norm,1B,Am-ours,0.0307062495381992,-0.126426217220475,0.187838716296874,0.314264933517349,,0,A ~ 1,A1 ~ 1,0.503,C A
job_1,1,140,gold ; MVN-CC-ours ; Am-ours,OLS,(Intercept),1000,5,100,norm,1B,gold,0.0094576437367716,-0.13638639124657,0.155301678720114,0.291688069966684,,0,A ~ 1,A1 ~ 1,0.51,C A
job_1,1,140,gold ; MVN-CC-ours ; Am-ours,OLS,(Intercept),1000,5,100,norm,1B,MVN-CC-ours,-0.0491099875624308,-0.302539757466725,0.204319782341864,0.506859539808589,,0,A ~ 1,A1 ~ 1,0.51,C A
job_1,1,140,gold ; MVN-CC-ours ; Am-ours,OLS,(Intercept),1000,5,100,norm,1B,Am-ours,-0.0751957115109547,-0.243703786701662,0.0933123636797525,0.337016150381414,,0,A ~ 1,A1 ~ 1,0.51,C A
job_1,1,141,gold ; MVN-CC-ours ; Am-ours,OLS,(Intercept),1000,5,100,norm,1B,gold,0.0329655131030948,-0.110690287081578,0.176621313287768,0.287311600369346,,0,A ~ 1,A1 ~ 1,0.507,C A
job_1,1,141,gold ; MVN-CC-ours ; Am-ours,OLS,(Intercept),1000,5,100,norm,1B,MVN-CC-ours,-0.0357541365231885,-0.30794954313971,0.236441270093333,0.544390813233043,,0,A ~ 1,A1 ~ 1,0.507,C A
job_1,1,141,gold ; MVN-CC-ours ; Am-ours,OLS,(Intercept),1000,5,100,norm,1B,Am-ours,-0.0673596142205952,-0.249105581712895,0.114386353271705,0.3634919349846,,0,A ~ 1,A1 ~ 1,0.507,C A
job_1,1,142,gold ; MVN-CC-ours ; Am-ours,OLS,(Intercept),1000,5,100,norm,1B,gold,-0.0698628475584098,-0.20552553675801,0.0657998416411909,0.271325378399201,,0,A ~ 1,A1 ~ 1,0.505,C A
job_1,1,142,gold ; MVN-CC-ours ; Am-ours,OLS,(Intercept),1000,5,100,norm,1B,MVN-CC-ours,-0.0658507476004131,-0.34162755963393,0.209926064433103,0.551553624067033,,0,A ~ 1,A1 ~ 1,0.505,C A
job_1,1,142,gold ; MVN-CC-ours ; Am-ours,OLS,(Intercept),1000,5,100,norm,1B,Am-ours,-0.0599016995005798,-0.390141297712899,0.27033789871174,0.660479196424639,,0,A ~ 1,A1 ~ 1,0.505,C A
job_1,1,143,gold ; MVN-CC-ours ; Am-ours,OLS,(Intercept),1000,5,100,norm,1B,gold,-0.00851518431215945,-0.143338761950255,0.126308393325936,0.269647155276191,,0,A ~ 1,A1 ~ 1,0.496,C A
job_1,1,143,gold ; MVN-CC-ours ; Am-ours,OLS,(Intercept),1000,5,100,norm,1B,MVN-CC-ours,0.00618338228281865,-0.168144350715063,0.1805111152807,0.348655465995763,,0,A ~ 1,A1 ~ 1,0.496,C A
job_1,1,143,gold ; MVN-CC-ours ; Am-ours,OLS,(Intercept),1000,5,100,norm,1B,Am-ours,-0.0109946845843245,-0.234719928972764,0.212730559804115,0.447450488776879,,0,A ~ 1,A1 ~ 1,0.496,C A
job_1,1,144,gold ; MVN-CC-ours ; Am-ours,OLS,(Intercept),1000,5,100,norm,1B,gold,0.0591546764785285,-0.0777735674724575,0.196082920429514,0.273856487901972,,0,A ~ 1,A1 ~ 1,0.509,C A
job_1,1,144,gold ; MVN-CC-ours ; Am-ours,OLS,(Intercept),1000,5,100,norm,1B,MVN-CC-ours,0.16763668436451,-0.0244161006604873,0.359689469389508,0.384105570049995,,0,A ~ 1,A1 ~ 1,0.509,C A
job_1,1,144,gold ; MVN-CC-ours ; Am-ours,OLS,(Intercept),1000,5,100,norm,1B,Am-ours,0.0461905618519279,-0.21199640589972,0.304377529603576,0.516373935503296,,0,A ~ 1,A1 ~ 1,0.509,C A
job_1,1,145,gold ; MVN-CC-ours ; Am-ours,OLS,(Intercept),1000,5,100,norm,1B,gold,0.00318568677018469,-0.132484186062512,0.138855559602881,0.271339745665393,,0,A ~ 1,A1 ~ 1,0.492,C A
job_1,1,145,gold ; MVN-CC-ours ; Am-ours,OLS,(Intercept),1000,5,100,norm,1B,MVN-CC-ours,0.108825092669714,-0.0629441458379202,0.280594331177348,0.343538477015268,,0,A ~ 1,A1 ~ 1,0.492,C A
job_1,1,145,gold ; MVN-CC-ours ; Am-ours,OLS,(Intercept),1000,5,100,norm,1B,Am-ours,0.0747540726059759,-0.250794629711845,0.400302774923797,0.651097404635641,,0,A ~ 1,A1 ~ 1,0.492,C A
job_1,1,146,gold ; MVN-CC-ours ; Am-ours,OLS,(Intercept),1000,5,100,norm,1B,gold,-0.082787044944429,-0.21899206894084,0.0534179790519821,0.272410047992822,,0,A ~ 1,A1 ~ 1,0.502,C A
job_1,1,146,gold ; MVN-CC-ours ; Am-ours,OLS,(Intercept),1000,5,100,norm,1B,MVN-CC-ours,-0.143153299432342,-0.312957128622161,0.0266505297574757,0.339607658379636,,0,A ~ 1,A1 ~ 1,0.502,C A
job_1,1,146,gold ; MVN-CC-ours ; Am-ours,OLS,(Intercept),1000,5,100,norm,1B,Am-ours,-0.0744629603909624,-0.250696828232786,0.101770907450861,0.352467735683647,,0,A ~ 1,A1 ~ 1,0.502,C A
job_1,1,147,gold ; MVN-CC-ours ; Am-ours,OLS,(Intercept),1000,5,100,norm,1B,gold,-0.054600680193759,-0.196147048597766,0.0869456882102481,0.283092736808014,,0,A ~ 1,A1 ~ 1,0.477,C A
job_1,1,147,gold ; MVN-CC-ours ; Am-ours,OLS,(Intercept),1000,5,100,norm,1B,MVN-CC-ours,-0.12352584851557,-0.300897317535464,0.0538456205043241,0.354742938039789,,0,A ~ 1,A1 ~ 1,0.477,C A
job_1,1,147,gold ; MVN-CC-ours ; Am-ours,OLS,(Intercept),1000,5,100,norm,1B,Am-ours,-0.13320652147169,-0.398786414799179,0.1323733718558,0.531159786654978,,0,A ~ 1,A1 ~ 1,0.477,C A
job_1,1,148,gold ; MVN-CC-ours ; Am-ours,OLS,(Intercept),1000,5,100,norm,1B,gold,-0.0078287350486503,-0.149685677196558,0.134028207099257,0.283713884295815,,0,A ~ 1,A1 ~ 1,0.527,C A
job_1,1,148,gold ; MVN-CC-ours ; Am-ours,OLS,(Intercept),1000,5,100,norm,1B,MVN-CC-ours,-0.0236231926563381,-0.195009852625612,0.147763467312936,0.342773319938549,,0,A ~ 1,A1 ~ 1,0.527,C A
job_1,1,148,gold ; MVN-CC-ours ; Am-ours,OLS,(Intercept),1000,5,100,norm,1B,Am-ours,-0.00221274189427873,-0.189712994745446,0.185287510956889,0.375000505702335,,0,A ~ 1,A1 ~ 1,0.527,C A
job_1,1,149,gold ; MVN-CC-ours ; Am-ours,OLS,(Intercept),1000,5,100,norm,1B,gold,-0.0927360413307762,-0.231013560243001,0.0455414775814489,0.27655503782445,,0,A ~ 1,A1 ~ 1,0.489,C A
job_1,1,149,gold ; MVN-CC-ours ; Am-ours,OLS,(Intercept),1000,5,100,norm,1B,MVN-CC-ours,-0.14147153202723,-0.397462436686007,0.114519372631548,0.511981809317555,,0,A ~ 1,A1 ~ 1,0.489,C A
job_1,1,149,gold ; MVN-CC-ours ; Am-ours,OLS,(Intercept),1000,5,100,norm,1B,Am-ours,-0.16535643807132,-0.372323263858769,0.041610387716129,0.413933651574898,,0,A ~ 1,A1 ~ 1,0.489,C A
job_1,1,150,gold ; MVN-CC-ours ; Am-ours,OLS,(Intercept),1000,5,100,norm,1B,gold,0.0290184508671267,-0.109655637563109,0.167692539297362,0.277348176860471,,0,A ~ 1,A1 ~ 1,0.475,C A
job_1,1,150,gold ; MVN-CC-ours ; Am-ours,OLS,(Intercept),1000,5,100,norm,1B,MVN-CC-ours,0.0655386267175865,-0.176804817364314,0.307882070799487,0.4846868881638,,0,A ~ 1,A1 ~ 1,0.475,C A
job_1,1,150,gold ; MVN-CC-ours ; Am-ours,OLS,(Intercept),1000,5,100,norm,1B,Am-ours,0.0936512673456902,-0.0522983900634636,0.239600924754844,0.291899314818308,,0,A ~ 1,A1 ~ 1,0.475,C A
job_1,1,151,gold ; MVN-CC-ours ; Am-ours,OLS,(Intercept),1000,5,100,norm,1B,gold,0.00540591792466454,-0.131757345320871,0.1425691811702,0.274326526491072,,0,A ~ 1,A1 ~ 1,0.516,C A
job_1,1,151,gold ; MVN-CC-ours ; Am-ours,OLS,(Intercept),1000,5,100,norm,1B,MVN-CC-ours,0.0725412858478703,-0.14457747118023,0.28966004287597,0.4342375140562,,0,A ~ 1,A1 ~ 1,0.516,C A
job_1,1,151,gold ; MVN-CC-ours ; Am-ours,OLS,(Intercept),1000,5,100,norm,1B,Am-ours,0.0764796232571802,-0.196434982952884,0.349394229467244,0.545829212420128,,0,A ~ 1,A1 ~ 1,0.516,C A
job_1,1,152,gold ; MVN-CC-ours ; Am-ours,OLS,(Intercept),1000,5,100,norm,1B,gold,-0.0771363786004014,-0.215542197054634,0.0612694398538313,0.276811636908465,,0,A ~ 1,A1 ~ 1,0.479,C A
job_1,1,152,gold ; MVN-CC-ours ; Am-ours,OLS,(Intercept),1000,5,100,norm,1B,MVN-CC-ours,0.0538976944261831,-0.0954973606782916,0.203292749530658,0.298790110208949,,0,A ~ 1,A1 ~ 1,0.479,C A
job_1,1,152,gold ; MVN-CC-ours ; Am-ours,OLS,(Intercept),1000,5,100,norm,1B,Am-ours,0.00253379274256228,-0.243619949469923,0.248687534955048,0.492307484424971,,0,A ~ 1,A1 ~ 1,0.479,C A
job_1,1,153,gold ; MVN-CC-ours ; Am-ours,OLS,(Intercept),1000,5,100,norm,1B,gold,0.0352300272536221,-0.108677011752045,0.17913706625929,0.287814078011335,,0,A ~ 1,A1 ~ 1,0.495,C A
job_1,1,153,gold ; MVN-CC-ours ; Am-ours,OLS,(Intercept),1000,5,100,norm,1B,MVN-CC-ours,0.00331722321674267,-0.219701616183276,0.226336062616762,0.446037678800038,,0,A ~ 1,A1 ~ 1,0.495,C A
job_1,1,153,gold ; MVN-CC-ours ; Am-ours,OLS,(Intercept),1000,5,100,norm,1B,Am-ours,-0.0206550489596942,-0.236539369232387,0.195229271312998,0.431768640545385,,0,A ~ 1,A1 ~ 1,0.495,C A
job_1,1,154,gold ; MVN-CC-ours ; Am-ours,OLS,(Intercept),1000,5,100,norm,1B,gold,0.053547581409981,-0.0849548459161698,0.192050008736132,0.277004854652302,,0,A ~ 1,A1 ~ 1,0.471,C A
job_1,1,154,gold ; MVN-CC-ours ; Am-ours,OLS,(Intercept),1000,5,100,norm,1B,MVN-CC-ours,-0.113047856562665,-0.275949739755294,0.0498540266299645,0.325803766385259,,0,A ~ 1,A1 ~ 1,0.471,C A
job_1,1,154,gold ; MVN-CC-ours ; Am-ours,OLS,(Intercept),1000,5,100,norm,1B,Am-ours,-0.0789160084229436,-0.341583551385635,0.183751534539748,0.525335085925383,,0,A ~ 1,A1 ~ 1,0.471,C A
job_1,1,155,gold ; MVN-CC-ours ; Am-ours,OLS,(Intercept),1000,5,100,norm,1B,gold,0.015239328228345,-0.126404262888567,0.156882919345257,0.283287182233825,,0,A ~ 1,A1 ~ 1,0.511,C A
job_1,1,155,gold ; MVN-CC-ours ; Am-ours,OLS,(Intercept),1000,5,100,norm,1B,MVN-CC-ours,0.018564680075708,-0.175062080352319,0.212191440503735,0.387253520856054,,0,A ~ 1,A1 ~ 1,0.511,C A
job_1,1,155,gold ; MVN-CC-ours ; Am-ours,OLS,(Intercept),1000,5,100,norm,1B,Am-ours,0.0284303130174325,-0.177279175407233,0.234139801442098,0.411418976849331,,0,A ~ 1,A1 ~ 1,0.511,C A
job_1,1,156,gold ; MVN-CC-ours ; Am-ours,OLS,(Intercept),1000,5,100,norm,1B,gold,0.0446181472847473,-0.0936510041367827,0.182887298706277,0.27653830284306,,0,A ~ 1,A1 ~ 1,0.492,C A
job_1,1,156,gold ; MVN-CC-ours ; Am-ours,OLS,(Intercept),1000,5,100,norm,1B,MVN-CC-ours,-0.0310761886670737,-0.174574708039148,0.112422330705001,0.286997038744149,,0,A ~ 1,A1 ~ 1,0.492,C A
job_1,1,156,gold ; MVN-CC-ours ; Am-ours,OLS,(Intercept),1000,5,100,norm,1B,Am-ours,-0.0625930205008513,-0.346117022250565,0.220930981248862,0.567048003499427,,0,A ~ 1,A1 ~ 1,0.492,C A
job_1,1,157,gold ; MVN-CC-ours ; Am-ours,OLS,(Intercept),1000,5,100,norm,1B,gold,-0.00684427531306133,-0.141238121289799,0.127549570663676,0.268787691953474,,0,A ~ 1,A1 ~ 1,0.528,C A
job_1,1,157,gold ; MVN-CC-ours ; Am-ours,OLS,(Intercept),1000,5,100,norm,1B,MVN-CC-ours,0.0773109594739055,-0.14942018613607,0.304042105083881,0.453462291219951,,0,A ~ 1,A1 ~ 1,0.528,C A
job_1,1,157,gold ; MVN-CC-ours ; Am-ours,OLS,(Intercept),1000,5,100,norm,1B,Am-ours,-0.00114114661605014,-0.222628937374869,0.220346644142769,0.442975581517637,,0,A ~ 1,A1 ~ 1,0.528,C A
job_1,1,158,gold ; MVN-CC-ours ; Am-ours,OLS,(Intercept),1000,5,100,norm,1B,gold,-0.0411022411747206,-0.18252758123938,0.100323098889939,0.282850680129319,,0,A ~ 1,A1 ~ 1,0.473,C A
job_1,1,158,gold ; MVN-CC-ours ; Am-ours,OLS,(Intercept),1000,5,100,norm,1B,MVN-CC-ours,-0.0848762976145662,-0.259092556380208,0.0893399611510757,0.348432517531284,,0,A ~ 1,A1 ~ 1,0.473,C A
job_1,1,158,gold ; MVN-CC-ours ; Am-ours,OLS,(Intercept),1000,5,100,norm,1B,Am-ours,-0.0503418625205512,-0.224815188800607,0.124131463759505,0.348946652560111,,0,A ~ 1,A1 ~ 1,0.473,C A
job_1,1,159,gold ; MVN-CC-ours ; Am-ours,OLS,(Intercept),1000,5,100,norm,1B,gold,-0.0097213159831473,-0.151710192378681,0.132267560412387,0.283977752791068,,0,A ~ 1,A1 ~ 1,0.528,C A
job_1,1,159,gold ; MVN-CC-ours ; Am-ours,OLS,(Intercept),1000,5,100,norm,1B,MVN-CC-ours,0.028217321522132,-0.172803724827025,0.229238367871289,0.402042092698315,,0,A ~ 1,A1 ~ 1,0.528,C A
job_1,1,159,gold ; MVN-CC-ours ; Am-ours,OLS,(Intercept),1000,5,100,norm,1B,Am-ours,0.048787654240529,-0.256795532772207,0.354370841253265,0.611166374025473,,0,A ~ 1,A1 ~ 1,0.528,C A
job_1,1,160,gold ; MVN-CC-ours ; Am-ours,OLS,(Intercept),1000,5,100,norm,1B,gold,-0.0370490599365725,-0.171921760130489,0.0978236402573436,0.269745400387832,,0,A ~ 1,A1 ~ 1,0.476,C A
job_1,1,160,gold ; MVN-CC-ours ; Am-ours,OLS,(Intercept),1000,5,100,norm,1B,MVN-CC-ours,-0.107513474449082,-0.287634690296053,0.0726077413978887,0.360242431693941,,0,A ~ 1,A1 ~ 1,0.476,C A
job_1,1,160,gold ; MVN-CC-ours ; Am-ours,OLS,(Intercept),1000,5,100,norm,1B,Am-ours,-0.0684368713556819,-0.259928092748545,0.123054350037181,0.382982442785726,,0,A ~ 1,A1 ~ 1,0.476,C A
job_1,1,161,gold ; MVN-CC-ours ; Am-ours,OLS,(Intercept),1000,5,100,norm,1B,gold,0.0631715582979313,-0.0751454099445542,0.201488526540417,0.276633936484971,,0,A ~ 1,A1 ~ 1,0.503,C A
job_1,1,161,gold ; MVN-CC-ours ; Am-ours,OLS,(Intercept),1000,5,100,norm,1B,MVN-CC-ours,0.205326878153829,-0.0295274281535896,0.440181184461247,0.469708612614837,,0,A ~ 1,A1 ~ 1,0.503,C A
job_1,1,161,gold ; MVN-CC-ours ; Am-ours,OLS,(Intercept),1000,5,100,norm,1B,Am-ours,0.150679363753691,-0.105859039139348,0.40721776664673,0.513076805786079,,0,A ~ 1,A1 ~ 1,0.503,C A
job_1,1,162,gold ; MVN-CC-ours ; Am-ours,OLS,(Intercept),1000,5,100,norm,1B,gold,0.0318441830198225,-0.106746619786058,0.170434985825703,0.277181605611761,,0,A ~ 1,A1 ~ 1,0.511,C A
job_1,1,162,gold ; MVN-CC-ours ; Am-ours,OLS,(Intercept),1000,5,100,norm,1B,MVN-CC-ours,0.0696340832499758,-0.0974749289205974,0.236743095420549,0.334218024341146,,0,A ~ 1,A1 ~ 1,0.511,C A
job_1,1,162,gold ; MVN-CC-ours ; Am-ours,OLS,(Intercept),1000,5,100,norm,1B,Am-ours,0.0772296258196401,-0.0739527799279954,0.228412031567276,0.302364811495271,,0,A ~ 1,A1 ~ 1,0.511,C A
job_1,1,163,gold ; MVN-CC-ours ; Am-ours,OLS,(Intercept),1000,5,100,norm,1B,gold,0.0532856090114379,-0.0852215619415541,0.19179277996443,0.277014341905984,,0,A ~ 1,A1 ~ 1,0.515,C A
job_1,1,163,gold ; MVN-CC-ours ; Am-ours,OLS,(Intercept),1000,5,100,norm,1B,MVN-CC-ours,-0.0254928036037906,-0.249761018565068,0.198775411357487,0.448536429922555,,0,A ~ 1,A1 ~ 1,0.515,C A
job_1,1,163,gold ; MVN-CC-ours ; Am-ours,OLS,(Intercept),1000,5,100,norm,1B,Am-ours,-0.00394218867286998,-0.316870793150753,0.308986415805013,0.625857208955766,,0,A ~ 1,A1 ~ 1,0.515,C A
job_1,1,164,gold ; MVN-CC-ours ; Am-ours,OLS,(Intercept),1000,5,100,norm,1B,gold,0.0953548251059166,-0.0417468183711608,0.232456468582994,0.274203286954155,,0,A ~ 1,A1 ~ 1,0.479,C A
job_1,1,164,gold ; MVN-CC-ours ; Am-ours,OLS,(Intercept),1000,5,100,norm,1B,MVN-CC-ours,0.0459904067468444,-0.107035857488727,0.199016670982416,0.306052528471143,,0,A ~ 1,A1 ~ 1,0.479,C A
job_1,1,164,gold ; MVN-CC-ours ; Am-ours,OLS,(Intercept),1000,5,100,norm,1B,Am-ours,0.115540026159116,-0.0355957884989895,0.266675840817222,0.302271629316211,,0,A ~ 1,A1 ~ 1,0.479,C A
job_1,1,165,gold ; MVN-CC-ours ; Am-ours,OLS,(Intercept),1000,5,100,norm,1B,gold,0.078283804081863,-0.0577381810436597,0.214305789207386,0.272043970251045,,0,A ~ 1,A1 ~ 1,0.517,C A
job_1,1,165,gold ; MVN-CC-ours ; Am-ours,OLS,(Intercept),1000,5,100,norm,1B,MVN-CC-ours,0.140665633287247,-0.0205615712617654,0.30189283783626,0.322454409098025,,0,A ~ 1,A1 ~ 1,0.517,C A
job_1,1,165,gold ; MVN-CC-ours ; Am-ours,OLS,(Intercept),1000,5,100,norm,1B,Am-ours,0.151165231842846,-0.144605462152259,0.446935925837951,0.59154138799021,,0,A ~ 1,A1 ~ 1,0.517,C A
job_1,1,166,gold ; MVN-CC-ours ; Am-ours,OLS,(Intercept),1000,5,100,norm,1B,gold,0.027410190074429,-0.115857858514609,0.170678238663467,0.286536097178075,,0,A ~ 1,A1 ~ 1,0.472,C A
job_1,1,166,gold ; MVN-CC-ours ; Am-ours,OLS,(Intercept),1000,5,100,norm,1B,MVN-CC-ours,0.0520970395296746,-0.15517346278451,0.259367541843859,0.414541004628368,,0,A ~ 1,A1 ~ 1,0.472,C A
job_1,1,166,gold ; MVN-CC-ours ; Am-ours,OLS,(Intercept),1000,5,100,norm,1B,Am-ours,0.0110796569107829,-0.255182366824422,0.277341680645988,0.532524047470411,,0,A ~ 1,A1 ~ 1,0.472,C A
job_1,1,167,gold ; MVN-CC-ours ; Am-ours,OLS,(Intercept),1000,5,100,norm,1B,gold,0.00342079553418791,-0.139028928196915,0.145870519265291,0.284899447462207,,0,A ~ 1,A1 ~ 1,0.525,C A
job_1,1,167,gold ; MVN-CC-ours ; Am-ours,OLS,(Intercept),1000,5,100,norm,1B,MVN-CC-ours,0.0492317144457641,-0.136874009489043,0.235337438380571,0.372211447869614,,0,A ~ 1,A1 ~ 1,0.525,C A
job_1,1,167,gold ; MVN-CC-ours ; Am-ours,OLS,(Intercept),1000,5,100,norm,1B,Am-ours,0.0141424840376957,-0.20342062937878,0.231705597454171,0.435126226832951,,0,A ~ 1,A1 ~ 1,0.525,C A
job_1,1,168,gold ; MVN-CC-ours ; Am-ours,OLS,(Intercept),1000,5,100,norm,1B,gold,0.0969318764599213,-0.0391304085332724,0.232994161453115,0.272124569986387,,0,A ~ 1,A1 ~ 1,0.509,C A
job_1,1,168,gold ; MVN-CC-ours ; Am-ours,OLS,(Intercept),1000,5,100,norm,1B,MVN-CC-ours,0.184302960405097,-0.108799755025418,0.477405675835612,0.58620543086103,,0,A ~ 1,A1 ~ 1,0.509,C A
job_1,1,168,gold ; MVN-CC-ours ; Am-ours,OLS,(Intercept),1000,5,100,norm,1B,Am-ours,0.255928333673723,0.0395104344283134,0.472346232919132,0.432835798490818,,0,A ~ 1,A1 ~ 1,0.509,C A
job_1,1,169,gold ; MVN-CC-ours ; Am-ours,OLS,(Intercept),1000,5,100,norm,1B,gold,-0.0162428186930203,-0.151516802261612,0.119031164875571,0.270547967137183,,0,A ~ 1,A1 ~ 1,0.491,C A
job_1,1,169,gold ; MVN-CC-ours ; Am-ours,OLS,(Intercept),1000,5,100,norm,1B,MVN-CC-ours,0.110787100957204,-0.141592051823519,0.363166253737928,0.504758305561447,,0,A ~ 1,A1 ~ 1,0.491,C A
job_1,1,169,gold ; MVN-CC-ours ; Am-ours,OLS,(Intercept),1000,5,100,norm,1B,Am-ours,-0.0128066306774267,-0.230400978498262,0.204787717143409,0.435188695641671,,0,A ~ 1,A1 ~ 1,0.491,C A
job_1,1,170,gold ; MVN-CC-ours ; Am-ours,OLS,(Intercept),1000,5,100,norm,1B,gold,0.0527835845664561,-0.0840335873510888,0.189600756484001,0.27363434383509,,0,A ~ 1,A1 ~ 1,0.49,C A
job_1,1,170,gold ; MVN-CC-ours ; Am-ours,OLS,(Intercept),1000,5,100,norm,1B,MVN-CC-ours,0.0344204755450018,-0.269623424512693,0.338464375602697,0.608087800115389,,0,A ~ 1,A1 ~ 1,0.49,C A
job_1,1,170,gold ; MVN-CC-ours ; Am-ours,OLS,(Intercept),1000,5,100,norm,1B,Am-ours,-0.0101590451497958,-0.228593420693243,0.208275330393651,0.436868751086895,,0,A ~ 1,A1 ~ 1,0.49,C A
job_1,1,171,gold ; MVN-CC-ours ; Am-ours,OLS,(Intercept),1000,5,100,norm,1B,gold,0.0330729972349422,-0.106240272165314,0.172386266635199,0.278626538800513,,0,A ~ 1,A1 ~ 1,0.498,C A
job_1,1,171,gold ; MVN-CC-ours ; Am-ours,OLS,(Intercept),1000,5,100,norm,1B,MVN-CC-ours,-0.0648456152956589,-0.293770498707496,0.164079268116178,0.457849766823674,,0,A ~ 1,A1 ~ 1,0.498,C A
job_1,1,171,gold ; MVN-CC-ours ; Am-ours,OLS,(Intercept),1000,5,100,norm,1B,Am-ours,-0.165996287493115,-0.320169309937576,-0.0118232650486552,0.308346044888921,,0,A ~ 1,A1 ~ 1,0.498,C A
job_1,1,172,gold ; MVN-CC-ours ; Am-ours,OLS,(Intercept),1000,5,100,norm,1B,gold,0.171660406160281,0.0320480480006843,0.311272764319878,0.279224716319194,,0,A ~ 1,A1 ~ 1,0.531,C A
job_1,1,172,gold ; MVN-CC-ours ; Am-ours,OLS,(Intercept),1000,5,100,norm,1B,MVN-CC-ours,0.199477842596945,-0.0426988696738515,0.441654554867742,0.484353424541593,,0,A ~ 1,A1 ~ 1,0.531,C A
job_1,1,172,gold ; MVN-CC-ours ; Am-ours,OLS,(Intercept),1000,5,100,norm,1B,Am-ours,0.122691116464652,-0.0815210057274164,0.32690323865672,0.408424244384137,,0,A ~ 1,A1 ~ 1,0.531,C A
job_1,1,173,gold ; MVN-CC-ours ; Am-ours,OLS,(Intercept),1000,5,100,norm,1B,gold,0.00947875893286626,-0.127420175447227,0.14637769331296,0.273797868760187,,0,A ~ 1,A1 ~ 1,0.508,C A
job_1,1,173,gold ; MVN-CC-ours ; Am-ours,OLS,(Intercept),1000,5,100,norm,1B,MVN-CC-ours,0.158758634502949,-0.0542800158158145,0.371797284821712,0.426077300637527,,0,A ~ 1,A1 ~ 1,0.508,C A
job_1,1,173,gold ; MVN-CC-ours ; Am-ours,OLS,(Intercept),1000,5,100,norm,1B,Am-ours,0.117153606392971,-0.139609646728699,0.37391685951464,0.513526506243339,,0,A ~ 1,A1 ~ 1,0.508,C A
job_1,1,174,gold ; MVN-CC-ours ; Am-ours,OLS,(Intercept),1000,5,100,norm,1B,gold,-0.0233192492582393,-0.168408309206757,0.121769810690279,0.290178119897036,,0,A ~ 1,A1 ~ 1,0.493,C A
job_1,1,174,gold ; MVN-CC-ours ; Am-ours,OLS,(Intercept),1000,5,100,norm,1B,MVN-CC-ours,-0.0957142892270892,-0.409765192459773,0.218336614005595,0.628101806465368,,0,A ~ 1,A1 ~ 1,0.493,C A
job_1,1,174,gold ; MVN-CC-ours ; Am-ours,OLS,(Intercept),1000,5,100,norm,1B,Am-ours,-0.0402196330146968,-0.274201407409983,0.193762141380589,0.467963548790572,,0,A ~ 1,A1 ~ 1,0.493,C A
job_1,1,175,gold ; MVN-CC-ours ; Am-ours,OLS,(Intercept),1000,5,100,norm,1B,gold,-0.0751367471774158,-0.213006034560368,0.0627325402055364,0.275738574765904,,0,A ~ 1,A1 ~ 1,0.511,C A
job_1,1,175,gold ; MVN-CC-ours ; Am-ours,OLS,(Intercept),1000,5,100,norm,1B,MVN-CC-ours,-0.0922227354074844,-0.443187286846402,0.258741816031433,0.701929102877836,,0,A ~ 1,A1 ~ 1,0.511,C A
job_1,1,175,gold ; MVN-CC-ours ; Am-ours,OLS,(Intercept),1000,5,100,norm,1B,Am-ours,0.0120974764657955,-0.157500952884001,0.181695905815592,0.339196858699594,,0,A ~ 1,A1 ~ 1,0.511,C A
job_1,1,176,gold ; MVN-CC-ours ; Am-ours,OLS,(Intercept),1000,5,100,norm,1B,gold,0.157104054526313,0.0154241626303413,0.298783946422285,0.283359783791943,,0,A ~ 1,A1 ~ 1,0.486,C A
job_1,1,176,gold ; MVN-CC-ours ; Am-ours,OLS,(Intercept),1000,5,100,norm,1B,MVN-CC-ours,0.113100116778439,-0.112286859696702,0.33848709325358,0.450773952950283,,0,A ~ 1,A1 ~ 1,0.486,C A
job_1,1,176,gold ; MVN-CC-ours ; Am-ours,OLS,(Intercept),1000,5,100,norm,1B,Am-ours,0.0841123582130801,-0.254864619465837,0.423089335891997,0.677953955357834,,0,A ~ 1,A1 ~ 1,0.486,C A
job_1,1,177,gold ; MVN-CC-ours ; Am-ours,OLS,(Intercept),1000,5,100,norm,1B,gold,-0.0957867408741438,-0.233516276384351,0.0419427946360631,0.275459071020414,,0,A ~ 1,A1 ~ 1,0.479,C A
job_1,1,177,gold ; MVN-CC-ours ; Am-ours,OLS,(Intercept),1000,5,100,norm,1B,MVN-CC-ours,-0.00978881789484078,-0.252487606907779,0.232909971118098,0.485397578025877,,0,A ~ 1,A1 ~ 1,0.479,C A
job_1,1,177,gold ; MVN-CC-ours ; Am-ours,OLS,(Intercept),1000,5,100,norm,1B,Am-ours,-0.136864196098237,-0.381630860148321,0.107902467951847,0.489533328100168,,0,A ~ 1,A1 ~ 1,0.479,C A
job_1,1,178,gold ; MVN-CC-ours ; Am-ours,OLS,(Intercept),1000,5,100,norm,1B,gold,-0.0503083017858646,-0.185755244246858,0.0851386406751285,0.270893884921986,,0,A ~ 1,A1 ~ 1,0.501,C A
job_1,1,178,gold ; MVN-CC-ours ; Am-ours,OLS,(Intercept),1000,5,100,norm,1B,MVN-CC-ours,0.00588855240624331,-0.184682894888408,0.196459999700895,0.381142894589303,,0,A ~ 1,A1 ~ 1,0.501,C A
job_1,1,178,gold ; MVN-CC-ours ; Am-ours,OLS,(Intercept),1000,5,100,norm,1B,Am-ours,0.0553037589835642,-0.18238487094593,0.292992388913058,0.475377259858988,,0,A ~ 1,A1 ~ 1,0.501,C A
job_1,1,179,gold ; MVN-CC-ours ; Am-ours,OLS,(Intercept),1000,5,100,norm,1B,gold,-0.0240908185994464,-0.161474723681174,0.113293086482282,0.274767810163456,,0,A ~ 1,A1 ~ 1,0.508,C A
job_1,1,179,gold ; MVN-CC-ours ; Am-ours,OLS,(Intercept),1000,5,100,norm,1B,MVN-CC-ours,0.00470929553149704,-0.225996927207707,0.235415518270701,0.461412445478408,,0,A ~ 1,A1 ~ 1,0.508,C A
job_1,1,179,gold ; MVN-CC-ours ; Am-ours,OLS,(Intercept),1000,5,100,norm,1B,Am-ours,0.0341963423411362,-0.181977844976415,0.250370529658687,0.432348374635101,,0,A ~ 1,A1 ~ 1,0.508,C A
job_1,1,180,gold ; MVN-CC-ours ; Am-ours,OLS,(Intercept),1000,5,100,norm,1B,gold,-0.0465340721789631,-0.185571968134814,0.0925038237768881,0.278075791911703,,0,A ~ 1,A1 ~ 1,0.482,C A
job_1,1,180,gold ; MVN-CC-ours ; Am-ours,OLS,(Intercept),1000,5,100,norm,1B,MVN-CC-ours,-0.0048501010943885,-0.235995115811741,0.226294913622964,0.462290029434705,,0,A ~ 1,A1 ~ 1,0.482,C A
job_1,1,180,gold ; MVN-CC-ours ; Am-ours,OLS,(Intercept),1000,5,100,norm,1B,Am-ours,0.0118120113797572,-0.278788460929318,0.302412483688832,0.58120094461815,,0,A ~ 1,A1 ~ 1,0.482,C A
job_1,1,181,gold ; MVN-CC-ours ; Am-ours,OLS,(Intercept),1000,5,100,norm,1B,gold,0.0535933771591416,-0.0889290111395004,0.196115765457784,0.285044776597284,,0,A ~ 1,A1 ~ 1,0.512,C A
job_1,1,181,gold ; MVN-CC-ours ; Am-ours,OLS,(Intercept),1000,5,100,norm,1B,MVN-CC-ours,0.0382909395723987,-0.132106968575546,0.208688847720343,0.340795816295889,,0,A ~ 1,A1 ~ 1,0.512,C A
job_1,1,181,gold ; MVN-CC-ours ; Am-ours,OLS,(Intercept),1000,5,100,norm,1B,Am-ours,0.0203296347206033,-0.169841187143065,0.210500456584272,0.380341643727337,,0,A ~ 1,A1 ~ 1,0.512,C A
job_1,1,182,gold ; MVN-CC-ours ; Am-ours,OLS,(Intercept),1000,5,100,norm,1B,gold,0.0622482173459478,-0.0816119278015298,0.206108362493426,0.287720290294955,,0,A ~ 1,A1 ~ 1,0.496,C A
job_1,1,182,gold ; MVN-CC-ours ; Am-ours,OLS,(Intercept),1000,5,100,norm,1B,MVN-CC-ours,0.127190870099015,-0.116234681709141,0.370616421907171,0.486851103616312,,0,A ~ 1,A1 ~ 1,0.496,C A
job_1,1,182,gold ; MVN-CC-ours ; Am-ours,OLS,(Intercept),1000,5,100,norm,1B,Am-ours,0.130635094953937,-0.0358029073938339,0.297073097301708,0.332876004695542,,0,A ~ 1,A1 ~ 1,0.496,C A
job_1,1,183,gold ; MVN-CC-ours ; Am-ours,OLS,(Intercept),1000,5,100,norm,1B,gold,0.0436798016238646,-0.0976217217752673,0.184981325022996,0.282603046798264,,0,A ~ 1,A1 ~ 1,0.499,C A
job_1,1,183,gold ; MVN-CC-ours ; Am-ours,OLS,(Intercept),1000,5,100,norm,1B,MVN-CC-ours,0.10055540352904,-0.105353422023589,0.306464229081669,0.411817651105259,,0,A ~ 1,A1 ~ 1,0.499,C A
job_1,1,183,gold ; MVN-CC-ours ; Am-ours,OLS,(Intercept),1000,5,100,norm,1B,Am-ours,0.124093437136013,-0.16619472606681,0.414381600338835,0.580576326405645,,0,A ~ 1,A1 ~ 1,0.499,C A
job_1,1,184,gold ; MVN-CC-ours ; Am-ours,OLS,(Intercept),1000,5,100,norm,1B,gold,-0.0154242115716658,-0.150830517660586,0.119982094517254,0.27081261217784,,0,A ~ 1,A1 ~ 1,0.483,C A
job_1,1,184,gold ; MVN-CC-ours ; Am-ours,OLS,(Intercept),1000,5,100,norm,1B,MVN-CC-ours,-0.0862169113279507,-0.277794328266231,0.105360505610329,0.38315483387656,,0,A ~ 1,A1 ~ 1,0.483,C A
job_1,1,184,gold ; MVN-CC-ours ; Am-ours,OLS,(Intercept),1000,5,100,norm,1B,Am-ours,-0.0165839351951042,-0.252040029992509,0.2188721596023,0.470912189594809,,0,A ~ 1,A1 ~ 1,0.483,C A
job_1,1,185,gold ; MVN-CC-ours ; Am-ours,OLS,(Intercept),1000,5,100,norm,1B,gold,0.0126028776932333,-0.122943391447522,0.148149146833989,0.271092538281511,,0,A ~ 1,A1 ~ 1,0.507,C A
job_1,1,185,gold ; MVN-CC-ours ; Am-ours,OLS,(Intercept),1000,5,100,norm,1B,MVN-CC-ours,0.0411690649123063,-0.220368301578006,0.302706431402619,0.523074732980625,,0,A ~ 1,A1 ~ 1,0.507,C A
job_1,1,185,gold ; MVN-CC-ours ; Am-ours,OLS,(Intercept),1000,5,100,norm,1B,Am-ours,0.0277746429149442,-0.178855402664612,0.234404688494501,0.413260091159113,,0,A ~ 1,A1 ~ 1,0.507,C A
job_1,1,186,gold ; MVN-CC-ours ; Am-ours,OLS,(Intercept),1000,5,100,norm,1B,gold,-0.0768133896402996,-0.216861001443355,0.0632342221627556,0.28009522360611,,0,A ~ 1,A1 ~ 1,0.497,C A
job_1,1,186,gold ; MVN-CC-ours ; Am-ours,OLS,(Intercept),1000,5,100,norm,1B,MVN-CC-ours,-0.0927684757691722,-0.3942062230151,0.208669271476755,0.602875494491855,,0,A ~ 1,A1 ~ 1,0.497,C A
job_1,1,186,gold ; MVN-CC-ours ; Am-ours,OLS,(Intercept),1000,5,100,norm,1B,Am-ours,-0.042550617647242,-0.242865088467517,0.157763853173033,0.40062894164055,,0,A ~ 1,A1 ~ 1,0.497,C A
job_1,1,187,gold ; MVN-CC-ours ; Am-ours,OLS,(Intercept),1000,5,100,norm,1B,gold,0.0234082622108824,-0.114361595940525,0.16117812036229,0.275539716302815,,0,A ~ 1,A1 ~ 1,0.497,C A
job_1,1,187,gold ; MVN-CC-ours ; Am-ours,OLS,(Intercept),1000,5,100,norm,1B,MVN-CC-ours,0.0882630632257357,-0.125231487299648,0.30175761375112,0.426989101050768,,0,A ~ 1,A1 ~ 1,0.497,C A
job_1,1,187,gold ; MVN-CC-ours ; Am-ours,OLS,(Intercept),1000,5,100,norm,1B,Am-ours,0.0623899576495864,-0.0863975443561389,0.211177459655312,0.29757500401145,,0,A ~ 1,A1 ~ 1,0.497,C A
job_1,1,188,gold ; MVN-CC-ours ; Am-ours,OLS,(Intercept),1000,5,100,norm,1B,gold,0.00796577965585102,-0.130714325063404,0.146645884375106,0.277360209438511,,0,A ~ 1,A1 ~ 1,0.497,C A
job_1,1,188,gold ; MVN-CC-ours ; Am-ours,OLS,(Intercept),1000,5,100,norm,1B,MVN-CC-ours,0.000448774998435225,-0.233702702739201,0.234600252736072,0.468302955475273,,0,A ~ 1,A1 ~ 1,0.497,C A
job_1,1,188,gold ; MVN-CC-ours ; Am-ours,OLS,(Intercept),1000,5,100,norm,1B,Am-ours,-0.0460601594486256,-0.310526308831538,0.218405989934287,0.528932298765825,,0,A ~ 1,A1 ~ 1,0.497,C A
job_1,1,189,gold ; MVN-CC-ours ; Am-ours,OLS,(Intercept),1000,5,100,norm,1B,gold,0.0813327228094192,-0.0569583082588484,0.219623753877687,0.276582062136535,,0,A ~ 1,A1 ~ 1,0.509,C A
job_1,1,189,gold ; MVN-CC-ours ; Am-ours,OLS,(Intercept),1000,5,100,norm,1B,MVN-CC-ours,-0.0113826906441847,-0.200879012217548,0.178113630929179,0.378992643146727,,0,A ~ 1,A1 ~ 1,0.509,C A
job_1,1,189,gold ; MVN-CC-ours ; Am-ours,OLS,(Intercept),1000,5,100,norm,1B,Am-ours,0.000468271405218364,-0.145235090739295,0.146171633549731,0.291406724289026,,0,A ~ 1,A1 ~ 1,0.509,C A
job_1,1,190,gold ; MVN-CC-ours ; Am-ours,OLS,(Intercept),1000,5,100,norm,1B,gold,0.000327677990913153,-0.137599232925412,0.138254588907239,0.275853821832651,,0,A ~ 1,A1 ~ 1,0.483,C A
job_1,1,190,gold ; MVN-CC-ours ; Am-ours,OLS,(Intercept),1000,5,100,norm,1B,MVN-CC-ours,-7.03242255195968e-05,-0.327115220359383,0.326974571908344,0.654089792267727,,0,A ~ 1,A1 ~ 1,0.483,C A
job_1,1,190,gold ; MVN-CC-ours ; Am-ours,OLS,(Intercept),1000,5,100,norm,1B,Am-ours,0.00604783108929473,-0.28476730409871,0.296862966277299,0.581630270376008,,0,A ~ 1,A1 ~ 1,0.483,C A
job_1,1,191,gold ; MVN-CC-ours ; Am-ours,OLS,(Intercept),1000,5,100,norm,1B,gold,-0.0168342929786049,-0.15552711295719,0.12185852699998,0.27738563995717,,0,A ~ 1,A1 ~ 1,0.498,C A
job_1,1,191,gold ; MVN-CC-ours ; Am-ours,OLS,(Intercept),1000,5,100,norm,1B,MVN-CC-ours,-0.00391526925160971,-0.16020764187839,0.152377103375171,0.312584745253561,,0,A ~ 1,A1 ~ 1,0.498,C A
job_1,1,191,gold ; MVN-CC-ours ; Am-ours,OLS,(Intercept),1000,5,100,norm,1B,Am-ours,-0.0290753767793024,-0.290420072939795,0.23226931938119,0.522689392320985,,0,A ~ 1,A1 ~ 1,0.498,C A
job_1,1,192,gold ; MVN-CC-ours ; Am-ours,OLS,(Intercept),1000,5,100,norm,1B,gold,0.0868692712282091,-0.0501485072241444,0.223887049680563,0.274035556904707,,0,A ~ 1,A1 ~ 1,0.485,C A
job_1,1,192,gold ; MVN-CC-ours ; Am-ours,OLS,(Intercept),1000,5,100,norm,1B,MVN-CC-ours,0.13977357242449,-0.0278037778628146,0.307350922711795,0.33515470057461,,0,A ~ 1,A1 ~ 1,0.485,C A
job_1,1,192,gold ; MVN-CC-ours ; Am-ours,OLS,(Intercept),1000,5,100,norm,1B,Am-ours,0.182700402017922,-0.015278979441969,0.380679783477812,0.395958762919781,,0,A ~ 1,A1 ~ 1,0.485,C A
job_1,1,193,gold ; MVN-CC-ours ; Am-ours,OLS,(Intercept),1000,5,100,norm,1B,gold,-0.0847338774871655,-0.225780720974815,0.0563129660004841,0.282093686975299,,0,A ~ 1,A1 ~ 1,0.472,C A
job_1,1,193,gold ; MVN-CC-ours ; Am-ours,OLS,(Intercept),1000,5,100,norm,1B,MVN-CC-ours,0.0701403741090312,-0.199043084403076,0.339323832621139,0.538366917024215,,0,A ~ 1,A1 ~ 1,0.472,C A
job_1,1,193,gold ; MVN-CC-ours ; Am-ours,OLS,(Intercept),1000,5,100,norm,1B,Am-ours,0.0493491833701841,-0.174670438780086,0.273368805520454,0.44803924430054,,0,A ~ 1,A1 ~ 1,0.472,C A
job_1,1,194,gold ; MVN-CC-ours ; Am-ours,OLS,(Intercept),1000,5,100,norm,1B,gold,0.00265458913298273,-0.135198655010457,0.140507833276422,0.275706488286879,,0,A ~ 1,A1 ~ 1,0.502,C A
job_1,1,194,gold ; MVN-CC-ours ; Am-ours,OLS,(Intercept),1000,5,100,norm,1B,MVN-CC-ours,0.0996640849654416,-0.077747919661615,0.277076089592498,0.354824009254113,,0,A ~ 1,A1 ~ 1,0.502,C A
job_1,1,194,gold ; MVN-CC-ours ; Am-ours,OLS,(Intercept),1000,5,100,norm,1B,Am-ours,0.00213367450714721,-0.202095902779417,0.206363251793712,0.408459154573129,,0,A ~ 1,A1 ~ 1,0.502,C A
job_1,1,195,gold ; MVN-CC-ours ; Am-ours,OLS,(Intercept),1000,5,100,norm,1B,gold,-0.0162312874999675,-0.154704963705712,0.122242388705777,0.27694735241149,,0,A ~ 1,A1 ~ 1,0.481,C A
job_1,1,195,gold ; MVN-CC-ours ; Am-ours,OLS,(Intercept),1000,5,100,norm,1B,MVN-CC-ours,-0.0429392322222921,-0.239728281604176,0.153849817159592,0.393578098763768,,0,A ~ 1,A1 ~ 1,0.481,C A
job_1,1,195,gold ; MVN-CC-ours ; Am-ours,OLS,(Intercept),1000,5,100,norm,1B,Am-ours,-0.0718151272811814,-0.469561980722196,0.325931726159833,0.795493706882029,,0,A ~ 1,A1 ~ 1,0.481,C A
job_1,1,196,gold ; MVN-CC-ours ; Am-ours,OLS,(Intercept),1000,5,100,norm,1B,gold,-0.0170265001941365,-0.153771610792743,0.11971861040447,0.273490221197213,,0,A ~ 1,A1 ~ 1,0.503,C A
job_1,1,196,gold ; MVN-CC-ours ; Am-ours,OLS,(Intercept),1000,5,100,norm,1B,MVN-CC-ours,-0.0360954046385278,-0.239654391510952,0.167463582233896,0.407117973744848,,0,A ~ 1,A1 ~ 1,0.503,C A
job_1,1,196,gold ; MVN-CC-ours ; Am-ours,OLS,(Intercept),1000,5,100,norm,1B,Am-ours,-0.0807063441551766,-0.235227484593323,0.0738147962829701,0.309042280876293,,0,A ~ 1,A1 ~ 1,0.503,C A
job_1,1,197,gold ; MVN-CC-ours ; Am-ours,OLS,(Intercept),1000,5,100,norm,1B,gold,-0.0521959321481245,-0.192852488462171,0.0884606241659221,0.281313112628093,,0,A ~ 1,A1 ~ 1,0.513,C A
job_1,1,197,gold ; MVN-CC-ours ; Am-ours,OLS,(Intercept),1000,5,100,norm,1B,MVN-CC-ours,-0.0361048557193824,-0.335067115754688,0.262857404315923,0.597924520070611,,0,A ~ 1,A1 ~ 1,0.513,C A
job_1,1,197,gold ; MVN-CC-ours ; Am-ours,OLS,(Intercept),1000,5,100,norm,1B,Am-ours,-0.0457125346677907,-0.274700199824335,0.183275130488754,0.45797533031309,,0,A ~ 1,A1 ~ 1,0.513,C A
job_1,1,198,gold ; MVN-CC-ours ; Am-ours,OLS,(Intercept),1000,5,100,norm,1B,gold,0.00229574202482557,-0.136185576583165,0.140777060632816,0.276962637215982,,0,A ~ 1,A1 ~ 1,0.49,C A
job_1,1,198,gold ; MVN-CC-ours ; Am-ours,OLS,(Intercept),1000,5,100,norm,1B,MVN-CC-ours,0.116537675576527,-0.0603679488599262,0.293443300012981,0.353811248872907,,0,A ~ 1,A1 ~ 1,0.49,C A
job_1,1,198,gold ; MVN-CC-ours ; Am-ours,OLS,(Intercept),1000,5,100,norm,1B,Am-ours,0.162867979803049,-0.0221167569688886,0.347852716574986,0.369969473543875,,0,A ~ 1,A1 ~ 1,0.49,C A
job_1,1,199,gold ; MVN-CC-ours ; Am-ours,OLS,(Intercept),1000,5,100,norm,1B,gold,-0.0150163169980521,-0.155486225314682,0.125453591318578,0.280939816633259,,0,A ~ 1,A1 ~ 1,0.508,C A
job_1,1,199,gold ; MVN-CC-ours ; Am-ours,OLS,(Intercept),1000,5,100,norm,1B,MVN-CC-ours,-0.0658183363148797,-0.28582666754642,0.15418999491666,0.44001666246308,,0,A ~ 1,A1 ~ 1,0.508,C A
job_1,1,199,gold ; MVN-CC-ours ; Am-ours,OLS,(Intercept),1000,5,100,norm,1B,Am-ours,-0.0302762303357992,-0.212291515377406,0.151739054705807,0.364030570083213,,0,A ~ 1,A1 ~ 1,0.508,C A
job_1,1,200,gold ; MVN-CC-ours ; Am-ours,OLS,(Intercept),1000,5,100,norm,1B,gold,0.0438958186824211,-0.0945971816885443,0.182388819053386,0.276986000741931,,0,A ~ 1,A1 ~ 1,0.517,C A
job_1,1,200,gold ; MVN-CC-ours ; Am-ours,OLS,(Intercept),1000,5,100,norm,1B,MVN-CC-ours,0.0323606921602517,-0.181746513100747,0.24646789742125,0.428214410521997,,0,A ~ 1,A1 ~ 1,0.517,C A
job_1,1,200,gold ; MVN-CC-ours ; Am-ours,OLS,(Intercept),1000,5,100,norm,1B,Am-ours,0.102188716328767,-0.145032210360228,0.349409643017762,0.49444185337799,,0,A ~ 1,A1 ~ 1,0.517,C A
job_1,1,201,gold ; MVN-CC-ours ; Am-ours,OLS,(Intercept),1000,5,100,norm,1B,gold,0.0570501950468076,-0.082714627409378,0.196815017502993,0.279529644912371,,0,A ~ 1,A1 ~ 1,0.488,C A
job_1,1,201,gold ; MVN-CC-ours ; Am-ours,OLS,(Intercept),1000,5,100,norm,1B,MVN-CC-ours,0.158010996514779,-0.0439176088546593,0.359939601884217,0.403857210738876,,0,A ~ 1,A1 ~ 1,0.488,C A
job_1,1,201,gold ; MVN-CC-ours ; Am-ours,OLS,(Intercept),1000,5,100,norm,1B,Am-ours,0.155083926880705,-0.0145458922391288,0.324713746000538,0.339259638239667,,0,A ~ 1,A1 ~ 1,0.488,C A
job_1,1,202,gold ; MVN-CC-ours ; Am-ours,OLS,(Intercept),1000,5,100,norm,1B,gold,0.00542352938945417,-0.135210089287442,0.146057148066351,0.281267237353793,,0,A ~ 1,A1 ~ 1,0.501,C A
job_1,1,202,gold ; MVN-CC-ours ; Am-ours,OLS,(Intercept),1000,5,100,norm,1B,MVN-CC-ours,0.00890940727118793,-0.157794577545881,0.175613392088257,0.333407969634137,,0,A ~ 1,A1 ~ 1,0.501,C A
job_1,1,202,gold ; MVN-CC-ours ; Am-ours,OLS,(Intercept),1000,5,100,norm,1B,Am-ours,0.0165264833474227,-0.139311627894964,0.172364594589809,0.311676222484773,,0,A ~ 1,A1 ~ 1,0.501,C A
job_1,1,203,gold ; MVN-CC-ours ; Am-ours,OLS,(Intercept),1000,5,100,norm,1B,gold,0.0377107171885935,-0.0993193923345947,0.174740826711782,0.274060219046377,,0,A ~ 1,A1 ~ 1,0.51,C A
job_1,1,203,gold ; MVN-CC-ours ; Am-ours,OLS,(Intercept),1000,5,100,norm,1B,MVN-CC-ours,0.0112342592943221,-0.190077938578361,0.212546457167005,0.402624395745366,,0,A ~ 1,A1 ~ 1,0.51,C A
job_1,1,203,gold ; MVN-CC-ours ; Am-ours,OLS,(Intercept),1000,5,100,norm,1B,Am-ours,0.0114742905956566,-0.236677620513928,0.259626201705241,0.496303822219169,,0,A ~ 1,A1 ~ 1,0.51,C A
job_1,1,204,gold ; MVN-CC-ours ; Am-ours,OLS,(Intercept),1000,5,100,norm,1B,gold,-0.050580603686173,-0.185992879263848,0.0848316718915017,0.270824551155349,,0,A ~ 1,A1 ~ 1,0.47,C A
job_1,1,204,gold ; MVN-CC-ours ; Am-ours,OLS,(Intercept),1000,5,100,norm,1B,MVN-CC-ours,0.0792955147310513,-0.266808280837639,0.425399310299742,0.692207591137381,,0,A ~ 1,A1 ~ 1,0.47,C A
job_1,1,204,gold ; MVN-CC-ours ; Am-ours,OLS,(Intercept),1000,5,100,norm,1B,Am-ours,0.0616058505568199,-0.115679167268956,0.238890868382596,0.354570035651552,,0,A ~ 1,A1 ~ 1,0.47,C A
job_1,1,205,gold ; MVN-CC-ours ; Am-ours,OLS,(Intercept),1000,5,100,norm,1B,gold,0.015042998800749,-0.121702448799042,0.15178844640054,0.273490895199581,,0,A ~ 1,A1 ~ 1,0.505,C A
job_1,1,205,gold ; MVN-CC-ours ; Am-ours,OLS,(Intercept),1000,5,100,norm,1B,MVN-CC-ours,0.0805251926397537,-0.133717971311945,0.294768356591452,0.428486327903396,,0,A ~ 1,A1 ~ 1,0.505,C A
job_1,1,205,gold ; MVN-CC-ours ; Am-ours,OLS,(Intercept),1000,5,100,norm,1B,Am-ours,0.0970999293699653,-0.0605635570286448,0.254763415768575,0.31532697279722,,0,A ~ 1,A1 ~ 1,0.505,C A
job_1,1,206,gold ; MVN-CC-ours ; Am-ours,OLS,(Intercept),1000,5,100,norm,1B,gold,0.0598400715135725,-0.0813108437380135,0.200990986765158,0.282301830503172,,0,A ~ 1,A1 ~ 1,0.501,C A
job_1,1,206,gold ; MVN-CC-ours ; Am-ours,OLS,(Intercept),1000,5,100,norm,1B,MVN-CC-ours,0.139556372908802,-0.131564068722313,0.410676814539918,0.542240883262231,,0,A ~ 1,A1 ~ 1,0.501,C A
job_1,1,206,gold ; MVN-CC-ours ; Am-ours,OLS,(Intercept),1000,5,100,norm,1B,Am-ours,0.121528220124075,-0.0601586249733776,0.303215065221529,0.363373690194906,,0,A ~ 1,A1 ~ 1,0.501,C A
job_1,1,207,gold ; MVN-CC-ours ; Am-ours,OLS,(Intercept),1000,5,100,norm,1B,gold,0.0434197077297417,-0.0938520822465958,0.180691497706079,0.274543579952675,,0,A ~ 1,A1 ~ 1,0.483,C A
job_1,1,207,gold ; MVN-CC-ours ; Am-ours,OLS,(Intercept),1000,5,100,norm,1B,MVN-CC-ours,0.000694545895898156,-0.237949739723198,0.239338831514994,0.477288571238192,,0,A ~ 1,A1 ~ 1,0.483,C A
job_1,1,207,gold ; MVN-CC-ours ; Am-ours,OLS,(Intercept),1000,5,100,norm,1B,Am-ours,-0.0224689579391237,-0.26344498417967,0.218507068301422,0.481952052481092,,0,A ~ 1,A1 ~ 1,0.483,C A
job_1,1,208,gold ; MVN-CC-ours ; Am-ours,OLS,(Intercept),1000,5,100,norm,1B,gold,-0.00561993180215049,-0.143116217235588,0.131876353631287,0.274992570866876,,0,A ~ 1,A1 ~ 1,0.497,C A
job_1,1,208,gold ; MVN-CC-ours ; Am-ours,OLS,(Intercept),1000,5,100,norm,1B,MVN-CC-ours,0.111393785961645,-0.126306859632896,0.349094431556186,0.475401291189082,,0,A ~ 1,A1 ~ 1,0.497,C A
job_1,1,208,gold ; MVN-CC-ours ; Am-ours,OLS,(Intercept),1000,5,100,norm,1B,Am-ours,0.0635106220898069,-0.204402596684994,0.331423840864608,0.535826437549603,,0,A ~ 1,A1 ~ 1,0.497,C A
job_1,1,209,gold ; MVN-CC-ours ; Am-ours,OLS,(Intercept),1000,5,100,norm,1B,gold,-0.0271689573898658,-0.164360238475737,0.110022323696006,0.274382562171743,,0,A ~ 1,A1 ~ 1,0.486,C A
job_1,1,209,gold ; MVN-CC-ours ; Am-ours,OLS,(Intercept),1000,5,100,norm,1B,MVN-CC-ours,0.0261421310154323,-0.144997598343891,0.197281860374756,0.342279458718647,,0,A ~ 1,A1 ~ 1,0.486,C A
job_1,1,209,gold ; MVN-CC-ours ; Am-ours,OLS,(Intercept),1000,5,100,norm,1B,Am-ours,-0.00656142271410688,-0.237459964360424,0.22433711893221,0.461797083292634,,0,A ~ 1,A1 ~ 1,0.486,C A
job_1,1,210,gold ; MVN-CC-ours ; Am-ours,OLS,(Intercept),1000,5,100,norm,1B,gold,0.0214861033208723,-0.117948384596952,0.160920591238696,0.278868975835648,,0,A ~ 1,A1 ~ 1,0.5,C A
job_1,1,210,gold ; MVN-CC-ours ; Am-ours,OLS,(Intercept),1000,5,100,norm,1B,MVN-CC-ours,-0.0698613537360172,-0.302985854735658,0.163263147263624,0.466249001999282,,0,A ~ 1,A1 ~ 1,0.5,C A
job_1,1,210,gold ; MVN-CC-ours ; Am-ours,OLS,(Intercept),1000,5,100,norm,1B,Am-ours,-0.114734898954747,-0.269627170341199,0.0401573724317044,0.309784542772904,,0,A ~ 1,A1 ~ 1,0.5,C A
job_1,1,211,gold ; MVN-CC-ours ; Am-ours,OLS,(Intercept),1000,5,100,norm,1B,gold,0.0356921994626415,-0.0986539622428554,0.170038361168138,0.268692323410994,,0,A ~ 1,A1 ~ 1,0.51,C A
job_1,1,211,gold ; MVN-CC-ours ; Am-ours,OLS,(Intercept),1000,5,100,norm,1B,MVN-CC-ours,0.138249075956359,-0.0500808020284052,0.326578953941124,0.376659755969529,,0,A ~ 1,A1 ~ 1,0.51,C A
job_1,1,211,gold ; MVN-CC-ours ; Am-ours,OLS,(Intercept),1000,5,100,norm,1B,Am-ours,0.157689893822036,-0.00811630851769565,0.323496096161767,0.331612404679463,,0,A ~ 1,A1 ~ 1,0.51,C A
job_1,1,212,gold ; MVN-CC-ours ; Am-ours,OLS,(Intercept),1000,5,100,norm,1B,gold,-0.0185505859718383,-0.156270298939907,0.11916912699623,0.275439425936137,,0,A ~ 1,A1 ~ 1,0.472,C A
job_1,1,212,gold ; MVN-CC-ours ; Am-ours,OLS,(Intercept),1000,5,100,norm,1B,MVN-CC-ours,0.0122112491719767,-0.18291501402502,0.207337512368974,0.390252526393994,,0,A ~ 1,A1 ~ 1,0.472,C A
job_1,1,212,gold ; MVN-CC-ours ; Am-ours,OLS,(Intercept),1000,5,100,norm,1B,Am-ours,-0.0264169048256131,-0.211771801809854,0.158937992158628,0.370709793968482,,0,A ~ 1,A1 ~ 1,0.472,C A
job_1,1,213,gold ; MVN-CC-ours ; Am-ours,OLS,(Intercept),1000,5,100,norm,1B,gold,-0.00579701190310574,-0.144828040178763,0.133234016372552,0.278062056551315,,0,A ~ 1,A1 ~ 1,0.466,C A
job_1,1,213,gold ; MVN-CC-ours ; Am-ours,OLS,(Intercept),1000,5,100,norm,1B,MVN-CC-ours,0.011492921834258,-0.211306380396709,0.234292224065225,0.445598604461934,,0,A ~ 1,A1 ~ 1,0.466,C A
job_1,1,213,gold ; MVN-CC-ours ; Am-ours,OLS,(Intercept),1000,5,100,norm,1B,Am-ours,0.0193305943770015,-0.210739117183612,0.249400305937615,0.460139423121226,,0,A ~ 1,A1 ~ 1,0.466,C A
job_1,1,214,gold ; MVN-CC-ours ; Am-ours,OLS,(Intercept),1000,5,100,norm,1B,gold,0.00164586131208556,-0.13391066574919,0.137202388373361,0.271113054122551,,0,A ~ 1,A1 ~ 1,0.492,C A
job_1,1,214,gold ; MVN-CC-ours ; Am-ours,OLS,(Intercept),1000,5,100,norm,1B,MVN-CC-ours,-0.00112366854004385,-0.386881040457527,0.384633703377439,0.771514743834966,,0,A ~ 1,A1 ~ 1,0.492,C A
job_1,1,214,gold ; MVN-CC-ours ; Am-ours,OLS,(Intercept),1000,5,100,norm,1B,Am-ours,0.0191197038127594,-0.178374058575407,0.216613466200926,0.394987524776333,,0,A ~ 1,A1 ~ 1,0.492,C A
job_1,1,215,gold ; MVN-CC-ours ; Am-ours,OLS,(Intercept),1000,5,100,norm,1B,gold,-0.0311580196067938,-0.172025203420056,0.109709164206468,0.281734367626523,,0,A ~ 1,A1 ~ 1,0.506,C A
job_1,1,215,gold ; MVN-CC-ours ; Am-ours,OLS,(Intercept),1000,5,100,norm,1B,MVN-CC-ours,-0.155031219226456,-0.338946387866447,0.0288839494135344,0.367830337279981,,0,A ~ 1,A1 ~ 1,0.506,C A
job_1,1,215,gold ; MVN-CC-ours ; Am-ours,OLS,(Intercept),1000,5,100,norm,1B,Am-ours,-0.100629748601556,-0.43159307554106,0.230333578337948,0.661926653879008,,0,A ~ 1,A1 ~ 1,0.506,C A
job_1,1,216,gold ; MVN-CC-ours ; Am-ours,OLS,(Intercept),1000,5,100,norm,1B,gold,0.0667492539219824,-0.0672259381547621,0.200724445998727,0.267950384153489,,0,A ~ 1,A1 ~ 1,0.51,C A
job_1,1,216,gold ; MVN-CC-ours ; Am-ours,OLS,(Intercept),1000,5,100,norm,1B,MVN-CC-ours,0.105037798946512,-0.232736099293276,0.4428116971863,0.675547796479576,,0,A ~ 1,A1 ~ 1,0.51,C A
job_1,1,216,gold ; MVN-CC-ours ; Am-ours,OLS,(Intercept),1000,5,100,norm,1B,Am-ours,0.0548869510056958,-0.213681365627287,0.323455267638679,0.537136633265966,,0,A ~ 1,A1 ~ 1,0.51,C A
job_1,1,217,gold ; MVN-CC-ours ; Am-ours,OLS,(Intercept),1000,5,100,norm,1B,gold,0.0151279706346942,-0.123945381219118,0.154201322488506,0.278146703707624,,0,A ~ 1,A1 ~ 1,0.476,C A
job_1,1,217,gold ; MVN-CC-ours ; Am-ours,OLS,(Intercept),1000,5,100,norm,1B,MVN-CC-ours,-0.0650976633786504,-0.419369926666329,0.289174599909029,0.708544526575358,,0,A ~ 1,A1 ~ 1,0.476,C A
job_1,1,217,gold ; MVN-CC-ours ; Am-ours,OLS,(Intercept),1000,5,100,norm,1B,Am-ours,-0.0509295251662624,-0.27842714187625,0.176568091543726,0.454995233419976,,0,A ~ 1,A1 ~ 1,0.476,C A
job_1,1,218,gold ; MVN-CC-ours ; Am-ours,OLS,(Intercept),1000,5,100,norm,1B,gold,0.00978326194671476,-0.128848497231397,0.148415021124826,0.277263518356223,,0,A ~ 1,A1 ~ 1,0.494,C A
job_1,1,218,gold ; MVN-CC-ours ; Am-ours,OLS,(Intercept),1000,5,100,norm,1B,MVN-CC-ours,0.0485031796793785,-0.118236100698249,0.215242460057006,0.333478560755255,,0,A ~ 1,A1 ~ 1,0.494,C A
job_1,1,218,gold ; MVN-CC-ours ; Am-ours,OLS,(Intercept),1000,5,100,norm,1B,Am-ours,0.0837792583726096,-0.125984930748823,0.293543447494043,0.419528378242866,,0,A ~ 1,A1 ~ 1,0.494,C A
job_1,1,219,gold ; MVN-CC-ours ; Am-ours,OLS,(Intercept),1000,5,100,norm,1B,gold,-0.0484042446312931,-0.179547770657183,0.0827392813945964,0.262287052051779,,0,A ~ 1,A1 ~ 1,0.507,C A
job_1,1,219,gold ; MVN-CC-ours ; Am-ours,OLS,(Intercept),1000,5,100,norm,1B,MVN-CC-ours,-0.0914797125729148,-0.3080215330047,0.12506210785887,0.43308364086357,,0,A ~ 1,A1 ~ 1,0.507,C A
job_1,1,219,gold ; MVN-CC-ours ; Am-ours,OLS,(Intercept),1000,5,100,norm,1B,Am-ours,-0.138980707266316,-0.465269759113507,0.187308344580874,0.652578103694381,,0,A ~ 1,A1 ~ 1,0.507,C A
job_1,1,220,gold ; MVN-CC-ours ; Am-ours,OLS,(Intercept),1000,5,100,norm,1B,gold,0.0825803903535832,-0.0545607182874105,0.219721498994577,0.274282217281987,,0,A ~ 1,A1 ~ 1,0.496,C A
job_1,1,220,gold ; MVN-CC-ours ; Am-ours,OLS,(Intercept),1000,5,100,norm,1B,MVN-CC-ours,0.0963643398071241,-0.16052279687357,0.353251476487818,0.513774273361389,,0,A ~ 1,A1 ~ 1,0.496,C A
job_1,1,220,gold ; MVN-CC-ours ; Am-ours,OLS,(Intercept),1000,5,100,norm,1B,Am-ours,0.128955881473081,-0.0156278151991444,0.273539578145306,0.28916739334445,,0,A ~ 1,A1 ~ 1,0.496,C A
job_1,1,221,gold ; MVN-CC-ours ; Am-ours,OLS,(Intercept),1000,5,100,norm,1B,gold,0.0889015955055777,-0.0503126617723061,0.228115852783462,0.278428514555768,,0,A ~ 1,A1 ~ 1,0.514,C A
job_1,1,221,gold ; MVN-CC-ours ; Am-ours,OLS,(Intercept),1000,5,100,norm,1B,MVN-CC-ours,-0.00580759170880609,-0.200028730486166,0.188413547068554,0.388442277554721,,0,A ~ 1,A1 ~ 1,0.514,C A
job_1,1,221,gold ; MVN-CC-ours ; Am-ours,OLS,(Intercept),1000,5,100,norm,1B,Am-ours,-0.0400128432471225,-0.21618286174394,0.136157175249695,0.352340036993636,,0,A ~ 1,A1 ~ 1,0.514,C A
job_1,1,222,gold ; MVN-CC-ours ; Am-ours,OLS,(Intercept),1000,5,100,norm,1B,gold,-0.0491071091950657,-0.180512503674421,0.0822982852842896,0.262810788958711,,0,A ~ 1,A1 ~ 1,0.518,C A
job_1,1,222,gold ; MVN-CC-ours ; Am-ours,OLS,(Intercept),1000,5,100,norm,1B,MVN-CC-ours,-0.0727607833203399,-0.251700265071124,0.106178698430445,0.357878963501569,,0,A ~ 1,A1 ~ 1,0.518,C A
job_1,1,222,gold ; MVN-CC-ours ; Am-ours,OLS,(Intercept),1000,5,100,norm,1B,Am-ours,-0.0341165367827111,-0.175460880690557,0.107227807125135,0.282688687815692,,0,A ~ 1,A1 ~ 1,0.518,C A
job_1,1,223,gold ; MVN-CC-ours ; Am-ours,OLS,(Intercept),1000,5,100,norm,1B,gold,0.000167992719950796,-0.133822071394935,0.134158056834836,0.267980128229771,,0,A ~ 1,A1 ~ 1,0.497,C A
job_1,1,223,gold ; MVN-CC-ours ; Am-ours,OLS,(Intercept),1000,5,100,norm,1B,MVN-CC-ours,0.0250362477516312,-0.16910168674015,0.219174182243412,0.388275868983562,,0,A ~ 1,A1 ~ 1,0.497,C A
job_1,1,223,gold ; MVN-CC-ours ; Am-ours,OLS,(Intercept),1000,5,100,norm,1B,Am-ours,-0.0358496021222104,-0.284150735889589,0.212451531645168,0.496602267534757,,0,A ~ 1,A1 ~ 1,0.497,C A
job_1,1,224,gold ; MVN-CC-ours ; Am-ours,OLS,(Intercept),1000,5,100,norm,1B,gold,0.170507455498509,0.0338845659547351,0.307130345042283,0.273245779087548,,0,A ~ 1,A1 ~ 1,0.502,C A
job_1,1,224,gold ; MVN-CC-ours ; Am-ours,OLS,(Intercept),1000,5,100,norm,1B,MVN-CC-ours,0.0491410125919097,-0.0971969581227673,0.195478983306587,0.292675941429354,,0,A ~ 1,A1 ~ 1,0.502,C A
job_1,1,224,gold ; MVN-CC-ours ; Am-ours,OLS,(Intercept),1000,5,100,norm,1B,Am-ours,0.000813090144904347,-0.211586225268874,0.213212405558682,0.424798630827556,,0,A ~ 1,A1 ~ 1,0.502,C A
job_1,1,225,gold ; MVN-CC-ours ; Am-ours,OLS,(Intercept),1000,5,100,norm,1B,gold,0.00152057679630817,-0.139127416237279,0.142168569829896,0.281295986067175,,0,A ~ 1,A1 ~ 1,0.504,C A
job_1,1,225,gold ; MVN-CC-ours ; Am-ours,OLS,(Intercept),1000,5,100,norm,1B,MVN-CC-ours,0.00813713568222306,-0.24667668265834,0.262950954022786,0.509627636681126,,0,A ~ 1,A1 ~ 1,0.504,C A
job_1,1,225,gold ; MVN-CC-ours ; Am-ours,OLS,(Intercept),1000,5,100,norm,1B,Am-ours,0.0203106533160819,-0.165426443125001,0.206047749757165,0.371474192882166,,0,A ~ 1,A1 ~ 1,0.504,C A
job_1,1,226,gold ; MVN-CC-ours ; Am-ours,OLS,(Intercept),1000,5,100,norm,1B,gold,0.088940890562371,-0.0484248692357943,0.226306650360536,0.274731519596331,,0,A ~ 1,A1 ~ 1,0.473,C A
job_1,1,226,gold ; MVN-CC-ours ; Am-ours,OLS,(Intercept),1000,5,100,norm,1B,MVN-CC-ours,0.134323964676959,-0.158608131044976,0.427256060398895,0.585864191443871,,0,A ~ 1,A1 ~ 1,0.473,C A
job_1,1,226,gold ; MVN-CC-ours ; Am-ours,OLS,(Intercept),1000,5,100,norm,1B,Am-ours,0.143344777508334,-0.0951016974299797,0.381791252446648,0.476892949876627,,0,A ~ 1,A1 ~ 1,0.473,C A
job_1,1,227,gold ; MVN-CC-ours ; Am-ours,OLS,(Intercept),1000,5,100,norm,1B,gold,-0.138016009165644,-0.279303850267183,0.00327183193589578,0.282575682203079,,0,A ~ 1,A1 ~ 1,0.508,C A
job_1,1,227,gold ; MVN-CC-ours ; Am-ours,OLS,(Intercept),1000,5,100,norm,1B,MVN-CC-ours,-0.181881617361548,-0.408147188791939,0.0443839540688438,0.452531142860783,,0,A ~ 1,A1 ~ 1,0.508,C A
job_1,1,227,gold ; MVN-CC-ours ; Am-ours,OLS,(Intercept),1000,5,100,norm,1B,Am-ours,-0.164154100871658,-0.358204716232851,0.0298965144895354,0.388101230722387,,0,A ~ 1,A1 ~ 1,0.508,C A
job_1,1,228,gold ; MVN-CC-ours ; Am-ours,OLS,(Intercept),1000,5,100,norm,1B,gold,-0.0537280939137118,-0.194136524996851,0.0866803371694273,0.280816862166278,,0,A ~ 1,A1 ~ 1,0.483,C A
job_1,1,228,gold ; MVN-CC-ours ; Am-ours,OLS,(Intercept),1000,5,100,norm,1B,MVN-CC-ours,-0.152310872491114,-0.308601308114368,0.00397956313213974,0.312580871246508,,0,A ~ 1,A1 ~ 1,0.483,C A
job_1,1,228,gold ; MVN-CC-ours ; Am-ours,OLS,(Intercept),1000,5,100,norm,1B,Am-ours,-0.186666241880375,-0.425975356487834,0.0526428727270846,0.478618229214919,,0,A ~ 1,A1 ~ 1,0.483,C A
job_1,1,229,gold ; MVN-CC-ours ; Am-ours,OLS,(Intercept),1000,5,100,norm,1B,gold,-0.0740733371618887,-0.209059535999313,0.0609128616755353,0.269972397674848,,0,A ~ 1,A1 ~ 1,0.467,C A
job_1,1,229,gold ; MVN-CC-ours ; Am-ours,OLS,(Intercept),1000,5,100,norm,1B,MVN-CC-ours,-0.0381764684740947,-0.232384114184789,0.156031177236599,0.388415291421388,,0,A ~ 1,A1 ~ 1,0.467,C A
job_1,1,229,gold ; MVN-CC-ours ; Am-ours,OLS,(Intercept),1000,5,100,norm,1B,Am-ours,-0.0691283043315289,-0.349790107535415,0.211533498872357,0.561323606407771,,0,A ~ 1,A1 ~ 1,0.467,C A
job_1,1,230,gold ; MVN-CC-ours ; Am-ours,OLS,(Intercept),1000,5,100,norm,1B,gold,-0.0676643112544635,-0.206654751276671,0.0713261287677441,0.277980880044415,,0,A ~ 1,A1 ~ 1,0.508,C A
job_1,1,230,gold ; MVN-CC-ours ; Am-ours,OLS,(Intercept),1000,5,100,norm,1B,MVN-CC-ours,0.00764368020985327,-0.292267918633125,0.307555279052831,0.599823197685956,,0,A ~ 1,A1 ~ 1,0.508,C A
job_1,1,230,gold ; MVN-CC-ours ; Am-ours,OLS,(Intercept),1000,5,100,norm,1B,Am-ours,0.0250802540650349,-0.115661133094787,0.165821641224857,0.281482774319645,,0,A ~ 1,A1 ~ 1,0.508,C A
job_1,1,231,gold ; MVN-CC-ours ; Am-ours,OLS,(Intercept),1000,5,100,norm,1B,gold,0.073407965719746,-0.0605295564789758,0.207345487918468,0.267875044397444,,0,A ~ 1,A1 ~ 1,0.506,C A
job_1,1,231,gold ; MVN-CC-ours ; Am-ours,OLS,(Intercept),1000,5,100,norm,1B,MVN-CC-ours,0.0657330417927933,-0.246328973225464,0.37779505681105,0.624124030036514,,0,A ~ 1,A1 ~ 1,0.506,C A
job_1,1,231,gold ; MVN-CC-ours ; Am-ours,OLS,(Intercept),1000,5,100,norm,1B,Am-ours,0.0477214088415,-0.218570857111526,0.314013674794526,0.532584531906053,,0,A ~ 1,A1 ~ 1,0.506,C A
job_1,1,232,gold ; MVN-CC-ours ; Am-ours,OLS,(Intercept),1000,5,100,norm,1B,gold,-0.0983396649573082,-0.240990323371017,0.0443109934564004,0.285301316827417,,0,A ~ 1,A1 ~ 1,0.495,C A
job_1,1,232,gold ; MVN-CC-ours ; Am-ours,OLS,(Intercept),1000,5,100,norm,1B,MVN-CC-ours,-0.00719630354249534,-0.211635958678005,0.197243351593014,0.408879310271019,,0,A ~ 1,A1 ~ 1,0.495,C A
job_1,1,232,gold ; MVN-CC-ours ; Am-ours,OLS,(Intercept),1000,5,100,norm,1B,Am-ours,-0.0128849302242526,-0.26254800597263,0.236778145524124,0.499326151496754,,0,A ~ 1,A1 ~ 1,0.495,C A
job_1,1,233,gold ; MVN-CC-ours ; Am-ours,OLS,(Intercept),1000,5,100,norm,1B,gold,-0.0450419595826632,-0.188815543339667,0.0987316241743409,0.287547167514008,,0,A ~ 1,A1 ~ 1,0.516,C A
job_1,1,233,gold ; MVN-CC-ours ; Am-ours,OLS,(Intercept),1000,5,100,norm,1B,MVN-CC-ours,0.035436854366954,-0.186777414791767,0.257651123525675,0.444428538317442,,0,A ~ 1,A1 ~ 1,0.516,C A
job_1,1,233,gold ; MVN-CC-ours ; Am-ours,OLS,(Intercept),1000,5,100,norm,1B,Am-ours,0.0190363524460456,-0.224158785344495,0.262231490236586,0.48639027558108,,0,A ~ 1,A1 ~ 1,0.516,C A
job_1,1,234,gold ; MVN-CC-ours ; Am-ours,OLS,(Intercept),1000,5,100,norm,1B,gold,0.0813296752331548,-0.063094035934654,0.225753386400964,0.288847422335618,,0,A ~ 1,A1 ~ 1,0.513,C A
job_1,1,234,gold ; MVN-CC-ours ; Am-ours,OLS,(Intercept),1000,5,100,norm,1B,MVN-CC-ours,-0.0650524785978603,-0.388270800673201,0.25816584347748,0.646436644150681,,0,A ~ 1,A1 ~ 1,0.513,C A
job_1,1,234,gold ; MVN-CC-ours ; Am-ours,OLS,(Intercept),1000,5,100,norm,1B,Am-ours,-0.0263563874135274,-0.261436029742441,0.208723254915386,0.470159284657826,,0,A ~ 1,A1 ~ 1,0.513,C A
job_1,1,235,gold ; MVN-CC-ours ; Am-ours,OLS,(Intercept),1000,5,100,norm,1B,gold,0.0687858408578513,-0.0681146305317482,0.205686312247451,0.273800942779199,,0,A ~ 1,A1 ~ 1,0.516,C A
job_1,1,235,gold ; MVN-CC-ours ; Am-ours,OLS,(Intercept),1000,5,100,norm,1B,MVN-CC-ours,0.127509094655784,-0.219636530642056,0.474654719953624,0.69429125059568,,0,A ~ 1,A1 ~ 1,0.516,C A
job_1,1,235,gold ; MVN-CC-ours ; Am-ours,OLS,(Intercept),1000,5,100,norm,1B,Am-ours,0.205448665894191,-0.0412510406794236,0.452148372467805,0.493399413147229,,0,A ~ 1,A1 ~ 1,0.516,C A
job_1,1,236,gold ; MVN-CC-ours ; Am-ours,OLS,(Intercept),1000,5,100,norm,1B,gold,-0.118223917205477,-0.259532960486406,0.0230851260754521,0.282618086561858,,0,A ~ 1,A1 ~ 1,0.493,C A
job_1,1,236,gold ; MVN-CC-ours ; Am-ours,OLS,(Intercept),1000,5,100,norm,1B,MVN-CC-ours,-0.170713891123249,-0.490729167737768,0.14930138549127,0.640030553229038,,0,A ~ 1,A1 ~ 1,0.493,C A
job_1,1,236,gold ; MVN-CC-ours ; Am-ours,OLS,(Intercept),1000,5,100,norm,1B,Am-ours,-0.128196464094675,-0.394534110460533,0.138141182271183,0.532675292731716,,0,A ~ 1,A1 ~ 1,0.493,C A
job_1,1,237,gold ; MVN-CC-ours ; Am-ours,OLS,(Intercept),1000,5,100,norm,1B,gold,-0.0903011152698557,-0.229346648524397,0.0487444179846853,0.278091066509082,,0,A ~ 1,A1 ~ 1,0.502,C A
job_1,1,237,gold ; MVN-CC-ours ; Am-ours,OLS,(Intercept),1000,5,100,norm,1B,MVN-CC-ours,-0.0339636589681577,-0.277450252964145,0.20952293502783,0.486973187991975,,0,A ~ 1,A1 ~ 1,0.502,C A
job_1,1,237,gold ; MVN-CC-ours ; Am-ours,OLS,(Intercept),1000,5,100,norm,1B,Am-ours,-0.0401231704751247,-0.258486878051439,0.17824053710119,0.436727415152629,,0,A ~ 1,A1 ~ 1,0.502,C A
job_1,1,238,gold ; MVN-CC-ours ; Am-ours,OLS,(Intercept),1000,5,100,norm,1B,gold,-0.0286013426721165,-0.160868932728335,0.103666247384102,0.264535180112438,,0,A ~ 1,A1 ~ 1,0.487,C A
job_1,1,238,gold ; MVN-CC-ours ; Am-ours,OLS,(Intercept),1000,5,100,norm,1B,MVN-CC-ours,-0.00862535747519103,-0.225975536851676,0.208724821901294,0.43470035875297,,0,A ~ 1,A1 ~ 1,0.487,C A
job_1,1,238,gold ; MVN-CC-ours ; Am-ours,OLS,(Intercept),1000,5,100,norm,1B,Am-ours,0.0333597869015559,-0.127308293907109,0.194027867710221,0.32133616161733,,0,A ~ 1,A1 ~ 1,0.487,C A
job_1,1,239,gold ; MVN-CC-ours ; Am-ours,OLS,(Intercept),1000,5,100,norm,1B,gold,-0.0462409829994765,-0.181989444610065,0.0895074786111116,0.271496923221176,,0,A ~ 1,A1 ~ 1,0.496,C A
job_1,1,239,gold ; MVN-CC-ours ; Am-ours,OLS,(Intercept),1000,5,100,norm,1B,MVN-CC-ours,-0.0458056558092928,-0.250933619439575,0.159322307820989,0.410255927260564,,0,A ~ 1,A1 ~ 1,0.496,C A
job_1,1,239,gold ; MVN-CC-ours ; Am-ours,OLS,(Intercept),1000,5,100,norm,1B,Am-ours,-0.0379980935841257,-0.273270251386879,0.197274064218627,0.470544315605506,,0,A ~ 1,A1 ~ 1,0.496,C A
job_1,1,240,gold ; MVN-CC-ours ; Am-ours,OLS,(Intercept),1000,5,100,norm,1B,gold,-0.105448908949225,-0.244855891425933,0.0339580735274836,0.278813964953416,,0,A ~ 1,A1 ~ 1,0.508,C A
job_1,1,240,gold ; MVN-CC-ours ; Am-ours,OLS,(Intercept),1000,5,100,norm,1B,MVN-CC-ours,-0.144237827487081,-0.344312822478387,0.0558371675042251,0.400149989982612,,0,A ~ 1,A1 ~ 1,0.508,C A
job_1,1,240,gold ; MVN-CC-ours ; Am-ours,OLS,(Intercept),1000,5,100,norm,1B,Am-ours,-0.0839266740005627,-0.285899615967786,0.118046267966661,0.403945883934447,,0,A ~ 1,A1 ~ 1,0.508,C A
job_1,1,241,gold ; MVN-CC-ours ; Am-ours,OLS,(Intercept),1000,5,100,norm,1B,gold,-0.0727054595082135,-0.215895624445316,0.0704847054288891,0.286380329874205,,0,A ~ 1,A1 ~ 1,0.498,C A
job_1,1,241,gold ; MVN-CC-ours ; Am-ours,OLS,(Intercept),1000,5,100,norm,1B,MVN-CC-ours,-0.117676479551144,-0.379864760105816,0.144511801003528,0.524376561109345,,0,A ~ 1,A1 ~ 1,0.498,C A
job_1,1,241,gold ; MVN-CC-ours ; Am-ours,OLS,(Intercept),1000,5,100,norm,1B,Am-ours,-0.164626451490678,-0.532788181229094,0.203535278247739,0.736323459476833,,0,A ~ 1,A1 ~ 1,0.498,C A
job_1,1,242,gold ; MVN-CC-ours ; Am-ours,OLS,(Intercept),1000,5,100,norm,1B,gold,0.055950934519677,-0.0853691598925298,0.197271028931884,0.282640188824414,,0,A ~ 1,A1 ~ 1,0.468,C A
job_1,1,242,gold ; MVN-CC-ours ; Am-ours,OLS,(Intercept),1000,5,100,norm,1B,MVN-CC-ours,0.116071540837636,-0.139329051604874,0.371472133280146,0.510801184885019,,0,A ~ 1,A1 ~ 1,0.468,C A
job_1,1,242,gold ; MVN-CC-ours ; Am-ours,OLS,(Intercept),1000,5,100,norm,1B,Am-ours,0.109807869795434,-0.0553469382341763,0.274962677825044,0.33030961605922,,0,A ~ 1,A1 ~ 1,0.468,C A
job_1,1,243,gold ; MVN-CC-ours ; Am-ours,OLS,(Intercept),1000,5,100,norm,1B,gold,0.0471762899207765,-0.0892241743119822,0.183576754153535,0.272800928465517,,0,A ~ 1,A1 ~ 1,0.496,C A
job_1,1,243,gold ; MVN-CC-ours ; Am-ours,OLS,(Intercept),1000,5,100,norm,1B,MVN-CC-ours,0.163393937299009,-0.0510757348406534,0.377863609438671,0.428939344279324,,0,A ~ 1,A1 ~ 1,0.496,C A
job_1,1,243,gold ; MVN-CC-ours ; Am-ours,OLS,(Intercept),1000,5,100,norm,1B,Am-ours,0.166893488546631,-0.0707560193859753,0.404542996479238,0.475299015865213,,0,A ~ 1,A1 ~ 1,0.496,C A
job_1,1,244,gold ; MVN-CC-ours ; Am-ours,OLS,(Intercept),1000,5,100,norm,1B,gold,-0.0518770651236053,-0.188091615610092,0.0843374853628815,0.272429100972974,,0,A ~ 1,A1 ~ 1,0.51,C A
job_1,1,244,gold ; MVN-CC-ours ; Am-ours,OLS,(Intercept),1000,5,100,norm,1B,MVN-CC-ours,-0.0135280466783107,-0.250224335322091,0.22316824196547,0.473392577287561,,0,A ~ 1,A1 ~ 1,0.51,C A
job_1,1,244,gold ; MVN-CC-ours ; Am-ours,OLS,(Intercept),1000,5,100,norm,1B,Am-ours,-0.016464190038679,-0.196653623233667,0.163725243156309,0.360378866389977,,0,A ~ 1,A1 ~ 1,0.51,C A
job_1,1,245,gold ; MVN-CC-ours ; Am-ours,OLS,(Intercept),1000,5,100,norm,1B,gold,0.0426193175527825,-0.0878705273225285,0.173109162428093,0.260979689750622,,0,A ~ 1,A1 ~ 1,0.513,C A
job_1,1,245,gold ; MVN-CC-ours ; Am-ours,OLS,(Intercept),1000,5,100,norm,1B,MVN-CC-ours,-0.0432730555400949,-0.230320581483743,0.143774470403554,0.374095051887297,,0,A ~ 1,A1 ~ 1,0.513,C A
job_1,1,245,gold ; MVN-CC-ours ; Am-ours,OLS,(Intercept),1000,5,100,norm,1B,Am-ours,-0.0199724971859928,-0.200687435095456,0.16074244072347,0.361429875818926,,0,A ~ 1,A1 ~ 1,0.513,C A
job_1,1,246,gold ; MVN-CC-ours ; Am-ours,OLS,(Intercept),1000,5,100,norm,1B,gold,0.0307970430639224,-0.112611052774808,0.174205138902653,0.286816191677461,,0,A ~ 1,A1 ~ 1,0.515,C A
job_1,1,246,gold ; MVN-CC-ours ; Am-ours,OLS,(Intercept),1000,5,100,norm,1B,MVN-CC-ours,-0.109084695926464,-0.274571634216423,0.0564022423634956,0.330973876579918,,0,A ~ 1,A1 ~ 1,0.515,C A
job_1,1,246,gold ; MVN-CC-ours ; Am-ours,OLS,(Intercept),1000,5,100,norm,1B,Am-ours,-0.141841995143192,-0.485345525105087,0.201661534818703,0.68700705992379,,0,A ~ 1,A1 ~ 1,0.515,C A
job_1,1,247,gold ; MVN-CC-ours ; Am-ours,OLS,(Intercept),1000,5,100,norm,1B,gold,-0.076862737260861,-0.214765110235949,0.0610396357142267,0.275804745950175,,0,A ~ 1,A1 ~ 1,0.515,C A
job_1,1,247,gold ; MVN-CC-ours ; Am-ours,OLS,(Intercept),1000,5,100,norm,1B,MVN-CC-ours,0.0392283192574505,-0.119836570506319,0.19829320902122,0.318129779527539,,0,A ~ 1,A1 ~ 1,0.515,C A
job_1,1,247,gold ; MVN-CC-ours ; Am-ours,OLS,(Intercept),1000,5,100,norm,1B,Am-ours,0.0151097602330968,-0.14627294361432,0.176492464080514,0.322765407694834,,0,A ~ 1,A1 ~ 1,0.515,C A
job_1,1,248,gold ; MVN-CC-ours ; Am-ours,OLS,(Intercept),1000,5,100,norm,1B,gold,0.0571324502475006,-0.0797707532167309,0.194035653711732,0.273806406928463,,0,A ~ 1,A1 ~ 1,0.505,C A
job_1,1,248,gold ; MVN-CC-ours ; Am-ours,OLS,(Intercept),1000,5,100,norm,1B,MVN-CC-ours,0.104290648134136,-0.147243476887443,0.355824773155715,0.503068250043158,,0,A ~ 1,A1 ~ 1,0.505,C A
job_1,1,248,gold ; MVN-CC-ours ; Am-ours,OLS,(Intercept),1000,5,100,norm,1B,Am-ours,0.0902413809563472,-0.152660938670411,0.333143700583106,0.485804639253517,,0,A ~ 1,A1 ~ 1,0.505,C A
job_1,1,249,gold ; MVN-CC-ours ; Am-ours,OLS,(Intercept),1000,5,100,norm,1B,gold,-0.0573689821764536,-0.198443867715486,0.0837059033625788,0.282149771078065,,0,A ~ 1,A1 ~ 1,0.535,C A
job_1,1,249,gold ; MVN-CC-ours ; Am-ours,OLS,(Intercept),1000,5,100,norm,1B,MVN-CC-ours,0.0222064011625668,-0.204012006248096,0.248424808573229,0.452436814821325,,0,A ~ 1,A1 ~ 1,0.535,C A
job_1,1,249,gold ; MVN-CC-ours ; Am-ours,OLS,(Intercept),1000,5,100,norm,1B,Am-ours,-0.0437379291316641,-0.300402443096691,0.212926584833363,0.513329027930054,,0,A ~ 1,A1 ~ 1,0.535,C A
job_1,1,250,gold ; MVN-CC-ours ; Am-ours,OLS,(Intercept),1000,5,100,norm,1B,gold,-0.0397626096828519,-0.174926014362973,0.0954007949972689,0.270326809360242,,0,A ~ 1,A1 ~ 1,0.494,C A
job_1,1,250,gold ; MVN-CC-ours ; Am-ours,OLS,(Intercept),1000,5,100,norm,1B,MVN-CC-ours,-0.0559220592238935,-0.301645430866031,0.189801312418245,0.491446743284276,,0,A ~ 1,A1 ~ 1,0.494,C A
job_1,1,250,gold ; MVN-CC-ours ; Am-ours,OLS,(Intercept),1000,5,100,norm,1B,Am-ours,-0.0533984816161245,-0.408344874861606,0.301547911629357,0.709892786490964,,0,A ~ 1,A1 ~ 1,0.494,C A
job_1,1,251,gold ; MVN-CC-ours ; Am-ours,OLS,(Intercept),1000,5,100,norm,1B,gold,-0.0127224795594828,-0.155644474132356,0.13019951501339,0.285843989145746,,0,A ~ 1,A1 ~ 1,0.483,C A
job_1,1,251,gold ; MVN-CC-ours ; Am-ours,OLS,(Intercept),1000,5,100,norm,1B,MVN-CC-ours,0.11248164976005,-0.271173795198462,0.496137094718563,0.767310889917024,,0,A ~ 1,A1 ~ 1,0.483,C A
job_1,1,251,gold ; MVN-CC-ours ; Am-ours,OLS,(Intercept),1000,5,100,norm,1B,Am-ours,0.0822034339261089,-0.0816399418908825,0.2460468097431,0.327686751633983,,0,A ~ 1,A1 ~ 1,0.483,C A
job_1,1,252,gold ; MVN-CC-ours ; Am-ours,OLS,(Intercept),1000,5,100,norm,1B,gold,0.0334412346137767,-0.107246595243151,0.174129064470704,0.281375659713855,,0,A ~ 1,A1 ~ 1,0.488,C A
job_1,1,252,gold ; MVN-CC-ours ; Am-ours,OLS,(Intercept),1000,5,100,norm,1B,MVN-CC-ours,0.0892018617522058,-0.0762396038247189,0.25464332732913,0.330882931153849,,0,A ~ 1,A1 ~ 1,0.488,C A
job_1,1,252,gold ; MVN-CC-ours ; Am-ours,OLS,(Intercept),1000,5,100,norm,1B,Am-ours,0.0118945739294638,-0.272556720861176,0.296345868720104,0.56890258958128,,0,A ~ 1,A1 ~ 1,0.488,C A
job_1,1,253,gold ; MVN-CC-ours ; Am-ours,OLS,(Intercept),1000,5,100,norm,1B,gold,-0.0924325260541576,-0.230873546890499,0.0460084947821834,0.276882041672682,,0,A ~ 1,A1 ~ 1,0.478,C A
job_1,1,253,gold ; MVN-CC-ours ; Am-ours,OLS,(Intercept),1000,5,100,norm,1B,MVN-CC-ours,-0.0355821479473653,-0.361254038952527,0.290089743057796,0.651343782010324,,0,A ~ 1,A1 ~ 1,0.478,C A
job_1,1,253,gold ; MVN-CC-ours ; Am-ours,OLS,(Intercept),1000,5,100,norm,1B,Am-ours,-0.115785755032786,-0.266195810529622,0.0346243004640505,0.300820110993673,,0,A ~ 1,A1 ~ 1,0.478,C A
job_1,1,254,gold ; MVN-CC-ours ; Am-ours,OLS,(Intercept),1000,5,100,norm,1B,gold,0.0616520199305474,-0.0804665714395524,0.203770611300647,0.2842371827402,,0,A ~ 1,A1 ~ 1,0.489,C A
job_1,1,254,gold ; MVN-CC-ours ; Am-ours,OLS,(Intercept),1000,5,100,norm,1B,MVN-CC-ours,-0.00712059340875048,-0.167468786670177,0.153227599852676,0.320696386522853,,0,A ~ 1,A1 ~ 1,0.489,C A
job_1,1,254,gold ; MVN-CC-ours ; Am-ours,OLS,(Intercept),1000,5,100,norm,1B,Am-ours,0.0631979783360148,-0.148720842416394,0.275116799088423,0.423837641504817,,0,A ~ 1,A1 ~ 1,0.489,C A
job_1,1,255,gold ; MVN-CC-ours ; Am-ours,OLS,(Intercept),1000,5,100,norm,1B,gold,-0.0507596208765333,-0.187051715917664,0.0855324741645979,0.272584190082262,,0,A ~ 1,A1 ~ 1,0.49,C A
job_1,1,255,gold ; MVN-CC-ours ; Am-ours,OLS,(Intercept),1000,5,100,norm,1B,MVN-CC-ours,-0.0495213250327366,-0.261818625385877,0.162775975320404,0.42459460070628,,0,A ~ 1,A1 ~ 1,0.49,C A
job_1,1,255,gold ; MVN-CC-ours ; Am-ours,OLS,(Intercept),1000,5,100,norm,1B,Am-ours,-0.0140946979808675,-0.14800305334853,0.119813657386795,0.267816710735326,,0,A ~ 1,A1 ~ 1,0.49,C A
job_1,1,256,gold ; MVN-CC-ours ; Am-ours,OLS,(Intercept),1000,5,100,norm,1B,gold,-0.0307421846792412,-0.171780418513791,0.110296049155309,0.2820764676691,,0,A ~ 1,A1 ~ 1,0.508,C A
job_1,1,256,gold ; MVN-CC-ours ; Am-ours,OLS,(Intercept),1000,5,100,norm,1B,MVN-CC-ours,0.0577229926339737,-0.166611200872598,0.282057186140545,0.448668387013143,,0,A ~ 1,A1 ~ 1,0.508,C A
job_1,1,256,gold ; MVN-CC-ours ; Am-ours,OLS,(Intercept),1000,5,100,norm,1B,Am-ours,0.0120912460520466,-0.173320096798316,0.19750258890241,0.370822685700726,,0,A ~ 1,A1 ~ 1,0.508,C A
job_1,1,257,gold ; MVN-CC-ours ; Am-ours,OLS,(Intercept),1000,5,100,norm,1B,gold,0.0508103758811091,-0.0863442542097959,0.187965005972014,0.27430926018181,,0,A ~ 1,A1 ~ 1,0.494,C A
job_1,1,257,gold ; MVN-CC-ours ; Am-ours,OLS,(Intercept),1000,5,100,norm,1B,MVN-CC-ours,0.034255649191364,-0.169486109593388,0.237997407976116,0.407483517569504,,0,A ~ 1,A1 ~ 1,0.494,C A
job_1,1,257,gold ; MVN-CC-ours ; Am-ours,OLS,(Intercept),1000,5,100,norm,1B,Am-ours,-0.0136927438359564,-0.341734636705344,0.314349149033431,0.656083785738776,,0,A ~ 1,A1 ~ 1,0.494,C A
job_1,1,258,gold ; MVN-CC-ours ; Am-ours,OLS,(Intercept),1000,5,100,norm,1B,gold,-0.00109680070468421,-0.137136418156445,0.134942816747077,0.272079234903522,,0,A ~ 1,A1 ~ 1,0.506,C A
job_1,1,258,gold ; MVN-CC-ours ; Am-ours,OLS,(Intercept),1000,5,100,norm,1B,MVN-CC-ours,-0.123791939841486,-0.292466663568446,0.0448827838854729,0.337349447453919,,0,A ~ 1,A1 ~ 1,0.506,C A
job_1,1,258,gold ; MVN-CC-ours ; Am-ours,OLS,(Intercept),1000,5,100,norm,1B,Am-ours,-0.10192579574897,-0.254300695111409,0.0504491036134692,0.304749798724878,,0,A ~ 1,A1 ~ 1,0.506,C A
job_1,1,259,gold ; MVN-CC-ours ; Am-ours,OLS,(Intercept),1000,5,100,norm,1B,gold,0.0260531404677691,-0.114664669413895,0.166770950349433,0.281435619763328,,0,A ~ 1,A1 ~ 1,0.508,C A
job_1,1,259,gold ; MVN-CC-ours ; Am-ours,OLS,(Intercept),1000,5,100,norm,1B,MVN-CC-ours,0.0702603376157415,-0.200889065384653,0.341409740616136,0.54229880600079,,0,A ~ 1,A1 ~ 1,0.508,C A
job_1,1,259,gold ; MVN-CC-ours ; Am-ours,OLS,(Intercept),1000,5,100,norm,1B,Am-ours,0.0669652120902661,-0.118380841215962,0.252311265396494,0.370692106612456,,0,A ~ 1,A1 ~ 1,0.508,C A
job_1,1,260,gold ; MVN-CC-ours ; Am-ours,OLS,(Intercept),1000,5,100,norm,1B,gold,-0.128565044733784,-0.270785087505823,0.0136549980382539,0.284440085544077,,0,A ~ 1,A1 ~ 1,0.489,C A
job_1,1,260,gold ; MVN-CC-ours ; Am-ours,OLS,(Intercept),1000,5,100,norm,1B,MVN-CC-ours,-0.16368764702533,-0.367529695871048,0.0401544018203879,0.407684097691436,,0,A ~ 1,A1 ~ 1,0.489,C A
job_1,1,260,gold ; MVN-CC-ours ; Am-ours,OLS,(Intercept),1000,5,100,norm,1B,Am-ours,-0.168874361777206,-0.335268941039428,-0.00247978251498307,0.332789158524445,,0,A ~ 1,A1 ~ 1,0.489,C A
job_1,1,261,gold ; MVN-CC-ours ; Am-ours,OLS,(Intercept),1000,5,100,norm,1B,gold,-0.129132231041506,-0.271693508406681,0.013429046323669,0.28512255473035,,0,A ~ 1,A1 ~ 1,0.498,C A
job_1,1,261,gold ; MVN-CC-ours ; Am-ours,OLS,(Intercept),1000,5,100,norm,1B,MVN-CC-ours,-0.266118712382824,-0.424328697089598,-0.107908727676051,0.316419969413547,,0,A ~ 1,A1 ~ 1,0.498,C A
job_1,1,261,gold ; MVN-CC-ours ; Am-ours,OLS,(Intercept),1000,5,100,norm,1B,Am-ours,-0.243513808852466,-0.483596073769616,-0.00343154393531672,0.480164529834299,,0,A ~ 1,A1 ~ 1,0.498,C A
job_1,1,262,gold ; MVN-CC-ours ; Am-ours,OLS,(Intercept),1000,5,100,norm,1B,gold,0.0688656339529323,-0.0709346883170078,0.208665956222872,0.27960064453988,,0,A ~ 1,A1 ~ 1,0.49,C A
job_1,1,262,gold ; MVN-CC-ours ; Am-ours,OLS,(Intercept),1000,5,100,norm,1B,MVN-CC-ours,-0.0573688327055888,-0.336878348473065,0.222140683061887,0.559019031534951,,0,A ~ 1,A1 ~ 1,0.49,C A
job_1,1,262,gold ; MVN-CC-ours ; Am-ours,OLS,(Intercept),1000,5,100,norm,1B,Am-ours,-0.0249318325449377,-0.188547356129525,0.13868369103965,0.327231047169176,,0,A ~ 1,A1 ~ 1,0.49,C A
job_1,1,263,gold ; MVN-CC-ours ; Am-ours,OLS,(Intercept),1000,5,100,norm,1B,gold,-0.0194146357903984,-0.159211986845136,0.120382715264339,0.279594702109474,,0,A ~ 1,A1 ~ 1,0.508,C A
job_1,1,263,gold ; MVN-CC-ours ; Am-ours,OLS,(Intercept),1000,5,100,norm,1B,MVN-CC-ours,-0.02931262651272,-0.212452172648812,0.153826919623373,0.366279092272185,,0,A ~ 1,A1 ~ 1,0.508,C A
job_1,1,263,gold ; MVN-CC-ours ; Am-ours,OLS,(Intercept),1000,5,100,norm,1B,Am-ours,0.00668120684349999,-0.180739576471517,0.194101990158517,0.374841566630034,,0,A ~ 1,A1 ~ 1,0.508,C A
job_1,1,264,gold ; MVN-CC-ours ; Am-ours,OLS,(Intercept),1000,5,100,norm,1B,gold,0.000549703961732058,-0.13769758708979,0.138796995013254,0.276494582103045,,0,A ~ 1,A1 ~ 1,0.487,C A
job_1,1,264,gold ; MVN-CC-ours ; Am-ours,OLS,(Intercept),1000,5,100,norm,1B,MVN-CC-ours,-0.103211085499301,-0.378061975112362,0.17163980411376,0.549701779226121,,0,A ~ 1,A1 ~ 1,0.487,C A
job_1,1,264,gold ; MVN-CC-ours ; Am-ours,OLS,(Intercept),1000,5,100,norm,1B,Am-ours,-0.167015216292976,-0.434442335115901,0.100411902529949,0.53485423764585,,0,A ~ 1,A1 ~ 1,0.487,C A
job_1,1,265,gold ; MVN-CC-ours ; Am-ours,OLS,(Intercept),1000,5,100,norm,1B,gold,-0.153533789808002,-0.290151901580624,-0.016915678035379,0.273236223545245,,0,A ~ 1,A1 ~ 1,0.522,C A
job_1,1,265,gold ; MVN-CC-ours ; Am-ours,OLS,(Intercept),1000,5,100,norm,1B,MVN-CC-ours,-0.224841640665154,-0.444312874651689,-0.00537040667861793,0.438942467973071,,0,A ~ 1,A1 ~ 1,0.522,C A
job_1,1,265,gold ; MVN-CC-ours ; Am-ours,OLS,(Intercept),1000,5,100,norm,1B,Am-ours,-0.223648819876247,-0.533555477183894,0.0862578374314002,0.619813314615294,,0,A ~ 1,A1 ~ 1,0.522,C A
job_1,1,266,gold ; MVN-CC-ours ; Am-ours,OLS,(Intercept),1000,5,100,norm,1B,gold,0.103093890210893,-0.0426560060692587,0.248843786491045,0.291499792560304,,0,A ~ 1,A1 ~ 1,0.483,C A
job_1,1,266,gold ; MVN-CC-ours ; Am-ours,OLS,(Intercept),1000,5,100,norm,1B,MVN-CC-ours,0.128212880189824,-0.0762223251961459,0.332648085575793,0.408870410771939,,0,A ~ 1,A1 ~ 1,0.483,C A
job_1,1,266,gold ; MVN-CC-ours ; Am-ours,OLS,(Intercept),1000,5,100,norm,1B,Am-ours,0.150752352004621,-0.106069393171296,0.407574097180539,0.513643490351836,,0,A ~ 1,A1 ~ 1,0.483,C A
job_1,1,267,gold ; MVN-CC-ours ; Am-ours,OLS,(Intercept),1000,5,100,norm,1B,gold,-0.0310735200015945,-0.166546589545253,0.104399549542064,0.270946139087317,,0,A ~ 1,A1 ~ 1,0.484,C A
job_1,1,267,gold ; MVN-CC-ours ; Am-ours,OLS,(Intercept),1000,5,100,norm,1B,MVN-CC-ours,-0.11804173637531,-0.284776208115101,0.0486927353644803,0.333468943479581,,0,A ~ 1,A1 ~ 1,0.484,C A
job_1,1,267,gold ; MVN-CC-ours ; Am-ours,OLS,(Intercept),1000,5,100,norm,1B,Am-ours,-0.128438260878124,-0.318074518743719,0.061197996987471,0.37927251573119,,0,A ~ 1,A1 ~ 1,0.484,C A
job_1,1,268,gold ; MVN-CC-ours ; Am-ours,OLS,(Intercept),1000,5,100,norm,1B,gold,-0.0728756119108036,-0.212337710888712,0.0665864870671049,0.278924197955817,,0,A ~ 1,A1 ~ 1,0.54,C A
job_1,1,268,gold ; MVN-CC-ours ; Am-ours,OLS,(Intercept),1000,5,100,norm,1B,MVN-CC-ours,-0.0706961238840975,-0.229472634134774,0.0880803863665786,0.317553020501352,,0,A ~ 1,A1 ~ 1,0.54,C A
job_1,1,268,gold ; MVN-CC-ours ; Am-ours,OLS,(Intercept),1000,5,100,norm,1B,Am-ours,-0.00512850059421406,-0.213743926922271,0.203486925733843,0.417230852656114,,0,A ~ 1,A1 ~ 1,0.54,C A
job_1,1,269,gold ; MVN-CC-ours ; Am-ours,OLS,(Intercept),1000,5,100,norm,1B,gold,-0.0128891599251035,-0.150757941217271,0.124979621367064,0.275737562584335,,0,A ~ 1,A1 ~ 1,0.5,C A
job_1,1,269,gold ; MVN-CC-ours ; Am-ours,OLS,(Intercept),1000,5,100,norm,1B,MVN-CC-ours,0.0351774907076033,-0.141870777170031,0.212225758585237,0.354096535755268,,0,A ~ 1,A1 ~ 1,0.5,C A
job_1,1,269,gold ; MVN-CC-ours ; Am-ours,OLS,(Intercept),1000,5,100,norm,1B,Am-ours,0.0271495640575477,-0.117223185885156,0.171522314000251,0.288745499885407,,0,A ~ 1,A1 ~ 1,0.5,C A
job_1,1,270,gold ; MVN-CC-ours ; Am-ours,OLS,(Intercept),1000,5,100,norm,1B,gold,0.0213736154593016,-0.119043401705757,0.161790632624361,0.280834034330118,,0,A ~ 1,A1 ~ 1,0.517,C A
job_1,1,270,gold ; MVN-CC-ours ; Am-ours,OLS,(Intercept),1000,5,100,norm,1B,MVN-CC-ours,-0.0130309596503815,-0.316609451314351,0.290547532013588,0.607156983327939,,0,A ~ 1,A1 ~ 1,0.517,C A
job_1,1,270,gold ; MVN-CC-ours ; Am-ours,OLS,(Intercept),1000,5,100,norm,1B,Am-ours,0.0272846476475507,-0.218380294603859,0.27294958989896,0.491329884502819,,0,A ~ 1,A1 ~ 1,0.517,C A
job_1,1,271,gold ; MVN-CC-ours ; Am-ours,OLS,(Intercept),1000,5,100,norm,1B,gold,0.0166576905655995,-0.1193813026553,0.152696683786499,0.272077986441799,,0,A ~ 1,A1 ~ 1,0.488,C A
job_1,1,271,gold ; MVN-CC-ours ; Am-ours,OLS,(Intercept),1000,5,100,norm,1B,MVN-CC-ours,0.0140477118069033,-0.166173975631974,0.19426939924578,0.360443374877754,,0,A ~ 1,A1 ~ 1,0.488,C A
job_1,1,271,gold ; MVN-CC-ours ; Am-ours,OLS,(Intercept),1000,5,100,norm,1B,Am-ours,-0.0427008808533657,-0.209877219236431,0.1244754575297,0.334352676766131,,0,A ~ 1,A1 ~ 1,0.488,C A
job_1,1,272,gold ; MVN-CC-ours ; Am-ours,OLS,(Intercept),1000,5,100,norm,1B,gold,0.0211542370993346,-0.115947151456826,0.158255625655496,0.274202777112322,,0,A ~ 1,A1 ~ 1,0.493,C A
job_1,1,272,gold ; MVN-CC-ours ; Am-ours,OLS,(Intercept),1000,5,100,norm,1B,MVN-CC-ours,-0.0146313264750897,-0.264485669072502,0.235223016122323,0.499708685194825,,0,A ~ 1,A1 ~ 1,0.493,C A
job_1,1,272,gold ; MVN-CC-ours ; Am-ours,OLS,(Intercept),1000,5,100,norm,1B,Am-ours,0.0157413243794515,-0.149748120663385,0.181230769422288,0.330978890085673,,0,A ~ 1,A1 ~ 1,0.493,C A
job_1,1,273,gold ; MVN-CC-ours ; Am-ours,OLS,(Intercept),1000,5,100,norm,1B,gold,0.0815632828019585,-0.0547843912339461,0.217910956837863,0.272695348071809,,0,A ~ 1,A1 ~ 1,0.474,C A
job_1,1,273,gold ; MVN-CC-ours ; Am-ours,OLS,(Intercept),1000,5,100,norm,1B,MVN-CC-ours,0.131407816819874,-0.0966042066449443,0.359419840284691,0.456024046929636,,0,A ~ 1,A1 ~ 1,0.474,C A
job_1,1,273,gold ; MVN-CC-ours ; Am-ours,OLS,(Intercept),1000,5,100,norm,1B,Am-ours,0.122244252771516,-0.253642847082609,0.498131352625641,0.75177419970825,,0,A ~ 1,A1 ~ 1,0.474,C A
job_1,1,274,gold ; MVN-CC-ours ; Am-ours,OLS,(Intercept),1000,5,100,norm,1B,gold,0.0914818982054856,-0.0481988526606771,0.231162649071648,0.279361501732325,,0,A ~ 1,A1 ~ 1,0.472,C A
job_1,1,274,gold ; MVN-CC-ours ; Am-ours,OLS,(Intercept),1000,5,100,norm,1B,MVN-CC-ours,0.0460394904845919,-0.194585383506758,0.286664364475942,0.4812497479827,,0,A ~ 1,A1 ~ 1,0.472,C A
job_1,1,274,gold ; MVN-CC-ours ; Am-ours,OLS,(Intercept),1000,5,100,norm,1B,Am-ours,0.0623996540010932,-0.135524152536376,0.260323460538563,0.395847613074939,,0,A ~ 1,A1 ~ 1,0.472,C A
job_1,1,275,gold ; MVN-CC-ours ; Am-ours,OLS,(Intercept),1000,5,100,norm,1B,gold,0.0394584973021222,-0.0967747404490413,0.175691735053286,0.272466475502327,,0,A ~ 1,A1 ~ 1,0.511,C A
job_1,1,275,gold ; MVN-CC-ours ; Am-ours,OLS,(Intercept),1000,5,100,norm,1B,MVN-CC-ours,0.152760655994216,-0.0716066525953337,0.377127964583766,0.4487346171791,,0,A ~ 1,A1 ~ 1,0.511,C A
job_1,1,275,gold ; MVN-CC-ours ; Am-ours,OLS,(Intercept),1000,5,100,norm,1B,Am-ours,0.0560550771862059,-0.140404628606348,0.25251478297876,0.392919411585108,,0,A ~ 1,A1 ~ 1,0.511,C A
job_1,1,276,gold ; MVN-CC-ours ; Am-ours,OLS,(Intercept),1000,5,100,norm,1B,gold,0.00280167207992653,-0.142013944349902,0.147617288509755,0.289631232859656,,0,A ~ 1,A1 ~ 1,0.485,C A
job_1,1,276,gold ; MVN-CC-ours ; Am-ours,OLS,(Intercept),1000,5,100,norm,1B,MVN-CC-ours,0.0273926429991655,-0.139114213622734,0.193899499621065,0.333013713243799,,0,A ~ 1,A1 ~ 1,0.485,C A
job_1,1,276,gold ; MVN-CC-ours ; Am-ours,OLS,(Intercept),1000,5,100,norm,1B,Am-ours,-0.029691287194312,-0.241658428346501,0.182275853957877,0.423934282304377,,0,A ~ 1,A1 ~ 1,0.485,C A
job_1,1,277,gold ; MVN-CC-ours ; Am-ours,OLS,(Intercept),1000,5,100,norm,1B,gold,0.0335683073045905,-0.110777116829514,0.177913731438695,0.28869084826821,,0,A ~ 1,A1 ~ 1,0.487,C A
job_1,1,277,gold ; MVN-CC-ours ; Am-ours,OLS,(Intercept),1000,5,100,norm,1B,MVN-CC-ours,-0.0494965532316683,-0.289477518338867,0.19048441187553,0.479961930214398,,0,A ~ 1,A1 ~ 1,0.487,C A
job_1,1,277,gold ; MVN-CC-ours ; Am-ours,OLS,(Intercept),1000,5,100,norm,1B,Am-ours,-0.0653785829855605,-0.377095352903051,0.24633818693193,0.623433539834981,,0,A ~ 1,A1 ~ 1,0.487,C A
job_1,1,278,gold ; MVN-CC-ours ; Am-ours,OLS,(Intercept),1000,5,100,norm,1B,gold,-0.0325968693958317,-0.173639236121685,0.108445497330021,0.282084733451706,,0,A ~ 1,A1 ~ 1,0.484,C A
job_1,1,278,gold ; MVN-CC-ours ; Am-ours,OLS,(Intercept),1000,5,100,norm,1B,MVN-CC-ours,-0.221391420436369,-0.407603693350822,-0.0351791475219172,0.372424545828904,,0,A ~ 1,A1 ~ 1,0.484,C A
job_1,1,278,gold ; MVN-CC-ours ; Am-ours,OLS,(Intercept),1000,5,100,norm,1B,Am-ours,-0.142892430697541,-0.37978783943561,0.0940029780405278,0.473790817476138,,0,A ~ 1,A1 ~ 1,0.484,C A
job_1,1,279,gold ; MVN-CC-ours ; Am-ours,OLS,(Intercept),1000,5,100,norm,1B,gold,-0.106590357395416,-0.244429735333036,0.0312490205422043,0.275678755875241,,0,A ~ 1,A1 ~ 1,0.49,C A
job_1,1,279,gold ; MVN-CC-ours ; Am-ours,OLS,(Intercept),1000,5,100,norm,1B,MVN-CC-ours,-0.138295197830109,-0.304141229061268,0.0275508334010498,0.331692062462318,,0,A ~ 1,A1 ~ 1,0.49,C A
job_1,1,279,gold ; MVN-CC-ours ; Am-ours,OLS,(Intercept),1000,5,100,norm,1B,Am-ours,-0.125033309723415,-0.410049050426252,0.159982430979422,0.570031481405673,,0,A ~ 1,A1 ~ 1,0.49,C A
job_1,1,280,gold ; MVN-CC-ours ; Am-ours,OLS,(Intercept),1000,5,100,norm,1B,gold,-0.0547179053838269,-0.193428433358979,0.0839926225913252,0.277421055950304,,0,A ~ 1,A1 ~ 1,0.485,C A
job_1,1,280,gold ; MVN-CC-ours ; Am-ours,OLS,(Intercept),1000,5,100,norm,1B,MVN-CC-ours,0.0784866103169862,-0.0663002168955119,0.223273437529484,0.289573654424996,,0,A ~ 1,A1 ~ 1,0.485,C A
job_1,1,280,gold ; MVN-CC-ours ; Am-ours,OLS,(Intercept),1000,5,100,norm,1B,Am-ours,0.097189556849735,-0.166797747128574,0.361176860828044,0.527974607956617,,0,A ~ 1,A1 ~ 1,0.485,C A
job_1,1,281,gold ; MVN-CC-ours ; Am-ours,OLS,(Intercept),1000,5,100,norm,1B,gold,0.11056776462834,-0.0291011189950947,0.250236648251775,0.279337767246869,,0,A ~ 1,A1 ~ 1,0.47,C A
job_1,1,281,gold ; MVN-CC-ours ; Am-ours,OLS,(Intercept),1000,5,100,norm,1B,MVN-CC-ours,0.0745259180273992,-0.169540261089632,0.31859209714443,0.488132358234062,,0,A ~ 1,A1 ~ 1,0.47,C A
job_1,1,281,gold ; MVN-CC-ours ; Am-ours,OLS,(Intercept),1000,5,100,norm,1B,Am-ours,0.010116761725307,-0.204182321765868,0.224415845216482,0.42859816698235,,0,A ~ 1,A1 ~ 1,0.47,C A
job_1,1,282,gold ; MVN-CC-ours ; Am-ours,OLS,(Intercept),1000,5,100,norm,1B,gold,0.0315528865232683,-0.105572133653657,0.168677906700194,0.274250040353851,,0,A ~ 1,A1 ~ 1,0.459,C A
job_1,1,282,gold ; MVN-CC-ours ; Am-ours,OLS,(Intercept),1000,5,100,norm,1B,MVN-CC-ours,0.0196579439222,-0.321067930375832,0.360383818220232,0.681451748596064,,0,A ~ 1,A1 ~ 1,0.459,C A
job_1,1,282,gold ; MVN-CC-ours ; Am-ours,OLS,(Intercept),1000,5,100,norm,1B,Am-ours,-0.0313165264870791,-0.30291571292199,0.240282659947832,0.543198372869822,,0,A ~ 1,A1 ~ 1,0.459,C A
job_1,1,283,gold ; MVN-CC-ours ; Am-ours,OLS,(Intercept),1000,5,100,norm,1B,gold,-0.0176222806117627,-0.148936573020928,0.113692011797403,0.262628584818331,,0,A ~ 1,A1 ~ 1,0.536,C A
job_1,1,283,gold ; MVN-CC-ours ; Am-ours,OLS,(Intercept),1000,5,100,norm,1B,MVN-CC-ours,0.00410777164563861,-0.144904446479906,0.153119989771183,0.298024436251089,,0,A ~ 1,A1 ~ 1,0.536,C A
job_1,1,283,gold ; MVN-CC-ours ; Am-ours,OLS,(Intercept),1000,5,100,norm,1B,Am-ours,-0.0182906335509314,-0.278746990788357,0.242165723686494,0.520912714474851,,0,A ~ 1,A1 ~ 1,0.536,C A
job_1,1,284,gold ; MVN-CC-ours ; Am-ours,OLS,(Intercept),1000,5,100,norm,1B,gold,0.00733289060329007,-0.12889697389896,0.14356275510554,0.2724597290045,,0,A ~ 1,A1 ~ 1,0.494,C A
job_1,1,284,gold ; MVN-CC-ours ; Am-ours,OLS,(Intercept),1000,5,100,norm,1B,MVN-CC-ours,-0.147176382826319,-0.365724808900641,0.0713720432480032,0.437096852148644,,0,A ~ 1,A1 ~ 1,0.494,C A
job_1,1,284,gold ; MVN-CC-ours ; Am-ours,OLS,(Intercept),1000,5,100,norm,1B,Am-ours,-0.202225199424998,-0.403401005833591,-0.00104939301640589,0.402351612817185,,0,A ~ 1,A1 ~ 1,0.494,C A
job_1,1,285,gold ; MVN-CC-ours ; Am-ours,OLS,(Intercept),1000,5,100,norm,1B,gold,0.11377075767413,-0.0204241192722988,0.247965634620559,0.268389753892858,,0,A ~ 1,A1 ~ 1,0.518,C A
job_1,1,285,gold ; MVN-CC-ours ; Am-ours,OLS,(Intercept),1000,5,100,norm,1B,MVN-CC-ours,0.0493354679093792,-0.109461568813717,0.208132504632475,0.317594073446192,,0,A ~ 1,A1 ~ 1,0.518,C A
job_1,1,285,gold ; MVN-CC-ours ; Am-ours,OLS,(Intercept),1000,5,100,norm,1B,Am-ours,-0.00210852805753361,-0.207373660794388,0.20315660467932,0.410530265473708,,0,A ~ 1,A1 ~ 1,0.518,C A
job_1,1,286,gold ; MVN-CC-ours ; Am-ours,OLS,(Intercept),1000,5,100,norm,1B,gold,0.0081214283186483,-0.13354682218399,0.149789678821287,0.283336501005277,,0,A ~ 1,A1 ~ 1,0.486,C A
job_1,1,286,gold ; MVN-CC-ours ; Am-ours,OLS,(Intercept),1000,5,100,norm,1B,MVN-CC-ours,-0.0266973802284866,-0.18561355176516,0.132218791308187,0.317832343073346,,0,A ~ 1,A1 ~ 1,0.486,C A
job_1,1,286,gold ; MVN-CC-ours ; Am-ours,OLS,(Intercept),1000,5,100,norm,1B,Am-ours,-0.0185646503069924,-0.192456936873624,0.155327636259639,0.347784573133263,,0,A ~ 1,A1 ~ 1,0.486,C A
job_1,1,287,gold ; MVN-CC-ours ; Am-ours,OLS,(Intercept),1000,5,100,norm,1B,gold,0.0452393275110237,-0.0874438887449329,0.17792254376698,0.265366432511913,,0,A ~ 1,A1 ~ 1,0.497,C A
job_1,1,287,gold ; MVN-CC-ours ; Am-ours,OLS,(Intercept),1000,5,100,norm,1B,MVN-CC-ours,-0.0758371624448747,-0.359199073678368,0.207524748788618,0.566723822466986,,0,A ~ 1,A1 ~ 1,0.497,C A
job_1,1,287,gold ; MVN-CC-ours ; Am-ours,OLS,(Intercept),1000,5,100,norm,1B,Am-ours,-0.0778658024511315,-0.319063456149262,0.163331851246999,0.482395307396261,,0,A ~ 1,A1 ~ 1,0.497,C A
job_1,1,288,gold ; MVN-CC-ours ; Am-ours,OLS,(Intercept),1000,5,100,norm,1B,gold,-0.0541894739012275,-0.193796441908302,0.0854174941058474,0.27921393601415,,0,A ~ 1,A1 ~ 1,0.525,C A
job_1,1,288,gold ; MVN-CC-ours ; Am-ours,OLS,(Intercept),1000,5,100,norm,1B,MVN-CC-ours,0.0363829196888154,-0.129443842941121,0.202209682318752,0.331653525259874,,0,A ~ 1,A1 ~ 1,0.525,C A
job_1,1,288,gold ; MVN-CC-ours ; Am-ours,OLS,(Intercept),1000,5,100,norm,1B,Am-ours,0.0232855421886123,-0.17328860046666,0.219859684843884,0.393148285310544,,0,A ~ 1,A1 ~ 1,0.525,C A
job_1,1,289,gold ; MVN-CC-ours ; Am-ours,OLS,(Intercept),1000,5,100,norm,1B,gold,0.024847533520836,-0.11331123914207,0.163006306183742,0.276317545325813,,0,A ~ 1,A1 ~ 1,0.486,C A
job_1,1,289,gold ; MVN-CC-ours ; Am-ours,OLS,(Intercept),1000,5,100,norm,1B,MVN-CC-ours,-0.0487657164569778,-0.362138013851112,0.264606580937156,0.626744594788268,,0,A ~ 1,A1 ~ 1,0.486,C A
job_1,1,289,gold ; MVN-CC-ours ; Am-ours,OLS,(Intercept),1000,5,100,norm,1B,Am-ours,-0.031312877076566,-0.229185224153683,0.166559470000551,0.395744694154234,,0,A ~ 1,A1 ~ 1,0.486,C A
job_1,1,290,gold ; MVN-CC-ours ; Am-ours,OLS,(Intercept),1000,5,100,norm,1B,gold,0.0175529545568149,-0.12358144107804,0.158687350191669,0.282268791269709,,0,A ~ 1,A1 ~ 1,0.508,C A
job_1,1,290,gold ; MVN-CC-ours ; Am-ours,OLS,(Intercept),1000,5,100,norm,1B,MVN-CC-ours,0.0121334346400789,-0.216698559221181,0.240965428501339,0.457663987722519,,0,A ~ 1,A1 ~ 1,0.508,C A
job_1,1,290,gold ; MVN-CC-ours ; Am-ours,OLS,(Intercept),1000,5,100,norm,1B,Am-ours,-0.043618579180283,-0.252960737679403,0.165723579318836,0.418684316998239,,0,A ~ 1,A1 ~ 1,0.508,C A
job_1,1,291,gold ; MVN-CC-ours ; Am-ours,OLS,(Intercept),1000,5,100,norm,1B,gold,-0.119670529473873,-0.262384216418848,0.0230431574711015,0.28542737388995,,0,A ~ 1,A1 ~ 1,0.5,C A
job_1,1,291,gold ; MVN-CC-ours ; Am-ours,OLS,(Intercept),1000,5,100,norm,1B,MVN-CC-ours,-0.151014619617853,-0.530072682150825,0.228043442915118,0.758116125065944,,0,A ~ 1,A1 ~ 1,0.5,C A
job_1,1,291,gold ; MVN-CC-ours ; Am-ours,OLS,(Intercept),1000,5,100,norm,1B,Am-ours,-0.143362898652876,-0.308334926321415,0.0216091290156631,0.329944055337078,,0,A ~ 1,A1 ~ 1,0.5,C A
job_1,1,292,gold ; MVN-CC-ours ; Am-ours,OLS,(Intercept),1000,5,100,norm,1B,gold,-0.153133750914619,-0.291985612152477,-0.0142818896767617,0.277703722475715,,0,A ~ 1,A1 ~ 1,0.483,C A
job_1,1,292,gold ; MVN-CC-ours ; Am-ours,OLS,(Intercept),1000,5,100,norm,1B,MVN-CC-ours,-0.174305383886466,-0.435968032437552,0.0873572646646207,0.523325297102173,,0,A ~ 1,A1 ~ 1,0.483,C A
job_1,1,292,gold ; MVN-CC-ours ; Am-ours,OLS,(Intercept),1000,5,100,norm,1B,Am-ours,-0.214767941294234,-0.6145119801324,0.184976097543932,0.799488077676331,,0,A ~ 1,A1 ~ 1,0.483,C A
job_1,1,293,gold ; MVN-CC-ours ; Am-ours,OLS,(Intercept),1000,5,100,norm,1B,gold,0.0557132463938756,-0.085648444469875,0.197074937257626,0.282723381727501,,0,A ~ 1,A1 ~ 1,0.515,C A
job_1,1,293,gold ; MVN-CC-ours ; Am-ours,OLS,(Intercept),1000,5,100,norm,1B,MVN-CC-ours,-0.10168945406159,-0.352059148117534,0.148680239994354,0.500739388111889,,0,A ~ 1,A1 ~ 1,0.515,C A
job_1,1,293,gold ; MVN-CC-ours ; Am-ours,OLS,(Intercept),1000,5,100,norm,1B,Am-ours,-0.0892162206938359,-0.323433413465718,0.145000972078046,0.468434385543765,,0,A ~ 1,A1 ~ 1,0.515,C A
job_1,1,294,gold ; MVN-CC-ours ; Am-ours,OLS,(Intercept),1000,5,100,norm,1B,gold,0.144852461726259,0.00681486934319397,0.282890054109325,0.276075184766131,,0,A ~ 1,A1 ~ 1,0.532,C A
job_1,1,294,gold ; MVN-CC-ours ; Am-ours,OLS,(Intercept),1000,5,100,norm,1B,MVN-CC-ours,0.0502769438510044,-0.150105176341064,0.250659064043073,0.400764240384137,,0,A ~ 1,A1 ~ 1,0.532,C A
job_1,1,294,gold ; MVN-CC-ours ; Am-ours,OLS,(Intercept),1000,5,100,norm,1B,Am-ours,0.041021393162522,-0.184470530153769,0.266513316478813,0.450983846632582,,0,A ~ 1,A1 ~ 1,0.532,C A
job_1,1,295,gold ; MVN-CC-ours ; Am-ours,OLS,(Intercept),1000,5,100,norm,1B,gold,-0.096710305686516,-0.23795621739887,0.0445356060258377,0.282491823424707,,0,A ~ 1,A1 ~ 1,0.515,C A
job_1,1,295,gold ; MVN-CC-ours ; Am-ours,OLS,(Intercept),1000,5,100,norm,1B,MVN-CC-ours,-0.0915504107823433,-0.321925909089632,0.138825087524946,0.460750996614578,,0,A ~ 1,A1 ~ 1,0.515,C A
job_1,1,295,gold ; MVN-CC-ours ; Am-ours,OLS,(Intercept),1000,5,100,norm,1B,Am-ours,-0.121645941177566,-0.422997295382305,0.179705413027174,0.602702708409479,,0,A ~ 1,A1 ~ 1,0.515,C A
job_1,1,296,gold ; MVN-CC-ours ; Am-ours,OLS,(Intercept),1000,5,100,norm,1B,gold,-0.0128574892317003,-0.149626730261509,0.123911751798108,0.273538482059617,,0,A ~ 1,A1 ~ 1,0.516,C A
job_1,1,296,gold ; MVN-CC-ours ; Am-ours,OLS,(Intercept),1000,5,100,norm,1B,MVN-CC-ours,0.0514834606901016,-0.133726523288847,0.23669344466905,0.370419967957898,,0,A ~ 1,A1 ~ 1,0.516,C A
job_1,1,296,gold ; MVN-CC-ours ; Am-ours,OLS,(Intercept),1000,5,100,norm,1B,Am-ours,0.0929498518004061,-0.163601929599834,0.349501633200646,0.51310356280048,,0,A ~ 1,A1 ~ 1,0.516,C A
job_1,1,297,gold ; MVN-CC-ours ; Am-ours,OLS,(Intercept),1000,5,100,norm,1B,gold,-0.211295383892466,-0.346665940200539,-0.0759248275843928,0.270741112616146,,0,A ~ 1,A1 ~ 1,0.535,C A
job_1,1,297,gold ; MVN-CC-ours ; Am-ours,OLS,(Intercept),1000,5,100,norm,1B,MVN-CC-ours,-0.144880468452842,-0.355174486718943,0.0654135498132601,0.420588036532203,,0,A ~ 1,A1 ~ 1,0.535,C A
job_1,1,297,gold ; MVN-CC-ours ; Am-ours,OLS,(Intercept),1000,5,100,norm,1B,Am-ours,-0.13766786239902,-0.409815509300781,0.13447978450274,0.544295293803521,,0,A ~ 1,A1 ~ 1,0.535,C A
job_1,1,298,gold ; MVN-CC-ours ; Am-ours,OLS,(Intercept),1000,5,100,norm,1B,gold,-0.155250447571162,-0.291830440919852,-0.0186704542224727,0.273159986697379,,0,A ~ 1,A1 ~ 1,0.496,C A
job_1,1,298,gold ; MVN-CC-ours ; Am-ours,OLS,(Intercept),1000,5,100,norm,1B,MVN-CC-ours,-0.25797442105096,-0.493193280644996,-0.0227555614569247,0.470437719188072,,0,A ~ 1,A1 ~ 1,0.496,C A
job_1,1,298,gold ; MVN-CC-ours ; Am-ours,OLS,(Intercept),1000,5,100,norm,1B,Am-ours,-0.308302770020039,-0.535545258581383,-0.0810602814586948,0.454484977122688,,0,A ~ 1,A1 ~ 1,0.496,C A
job_1,1,299,gold ; MVN-CC-ours ; Am-ours,OLS,(Intercept),1000,5,100,norm,1B,gold,-0.121887780474242,-0.265046186515817,0.0212706255673319,0.286316812083149,,0,A ~ 1,A1 ~ 1,0.498,C A
job_1,1,299,gold ; MVN-CC-ours ; Am-ours,OLS,(Intercept),1000,5,100,norm,1B,MVN-CC-ours,-0.0415555109555602,-0.268270598061078,0.185159576149958,0.453430174211036,,0,A ~ 1,A1 ~ 1,0.498,C A
job_1,1,299,gold ; MVN-CC-ours ; Am-ours,OLS,(Intercept),1000,5,100,norm,1B,Am-ours,-0.161682476524617,-0.330675653523626,0.00731070047439322,0.337986353998019,,0,A ~ 1,A1 ~ 1,0.498,C A
job_1,1,300,gold ; MVN-CC-ours ; Am-ours,OLS,(Intercept),1000,5,100,norm,1B,gold,-0.0800007533043666,-0.222485576028557,0.062484069419824,0.284969645448381,,0,A ~ 1,A1 ~ 1,0.493,C A
job_1,1,300,gold ; MVN-CC-ours ; Am-ours,OLS,(Intercept),1000,5,100,norm,1B,MVN-CC-ours,0.00551739454150637,-0.208011404970474,0.219046194053487,0.427057599023962,,0,A ~ 1,A1 ~ 1,0.493,C A
job_1,1,300,gold ; MVN-CC-ours ; Am-ours,OLS,(Intercept),1000,5,100,norm,1B,Am-ours,0.0080350513232143,-0.170281992748107,0.186352095394536,0.356634088142643,,0,A ~ 1,A1 ~ 1,0.493,C A
job_1,1,301,gold ; MVN-CC-ours ; Am-ours,OLS,(Intercept),1000,5,100,norm,1B,gold,0.0118545318053098,-0.129367077092842,0.153076140703462,0.282443217796304,,0,A ~ 1,A1 ~ 1,0.511,C A
job_1,1,301,gold ; MVN-CC-ours ; Am-ours,OLS,(Intercept),1000,5,100,norm,1B,MVN-CC-ours,-0.0347596095252958,-0.232078224220072,0.16255900516948,0.394637229389553,,0,A ~ 1,A1 ~ 1,0.511,C A
job_1,1,301,gold ; MVN-CC-ours ; Am-ours,OLS,(Intercept),1000,5,100,norm,1B,Am-ours,-0.0824634732698707,-0.328684234171736,0.163757287631994,0.49244152180373,,0,A ~ 1,A1 ~ 1,0.511,C A
job_1,1,302,gold ; MVN-CC-ours ; Am-ours,OLS,(Intercept),1000,5,100,norm,1B,gold,-0.0752269660169662,-0.215655468123266,0.0652015360893334,0.280857004212599,,0,A ~ 1,A1 ~ 1,0.512,C A
job_1,1,302,gold ; MVN-CC-ours ; Am-ours,OLS,(Intercept),1000,5,100,norm,1B,MVN-CC-ours,-0.0566200013912154,-0.225734110134365,0.112494107351934,0.338228217486298,,0,A ~ 1,A1 ~ 1,0.512,C A
job_1,1,302,gold ; MVN-CC-ours ; Am-ours,OLS,(Intercept),1000,5,100,norm,1B,Am-ours,-0.0561826892585956,-0.375627523943391,0.2632621454262,0.638889669369591,,0,A ~ 1,A1 ~ 1,0.512,C A
job_1,1,303,gold ; MVN-CC-ours ; Am-ours,OLS,(Intercept),1000,5,100,norm,1B,gold,-0.115305645337682,-0.255517076044885,0.0249057853695214,0.280422861414406,,0,A ~ 1,A1 ~ 1,0.514,C A
job_1,1,303,gold ; MVN-CC-ours ; Am-ours,OLS,(Intercept),1000,5,100,norm,1B,MVN-CC-ours,-0.256847012919936,-0.415272246000435,-0.0984217798394371,0.316850466160998,,0,A ~ 1,A1 ~ 1,0.514,C A
job_1,1,303,gold ; MVN-CC-ours ; Am-ours,OLS,(Intercept),1000,5,100,norm,1B,Am-ours,-0.224069195263838,-0.514409712483516,0.0662713219558401,0.580681034439356,,0,A ~ 1,A1 ~ 1,0.514,C A
job_1,1,304,gold ; MVN-CC-ours ; Am-ours,OLS,(Intercept),1000,5,100,norm,1B,gold,-0.0115521183099855,-0.146615178970345,0.123510942350374,0.270126121320719,,0,A ~ 1,A1 ~ 1,0.498,C A
job_1,1,304,gold ; MVN-CC-ours ; Am-ours,OLS,(Intercept),1000,5,100,norm,1B,MVN-CC-ours,-0.0810152765585089,-0.421407672685655,0.259377119568637,0.680784792254292,,0,A ~ 1,A1 ~ 1,0.498,C A
job_1,1,304,gold ; MVN-CC-ours ; Am-ours,OLS,(Intercept),1000,5,100,norm,1B,Am-ours,-0.0109704144350616,-0.182349738758506,0.160408909888383,0.342758648646888,,0,A ~ 1,A1 ~ 1,0.498,C A
job_1,1,305,gold ; MVN-CC-ours ; Am-ours,OLS,(Intercept),1000,5,100,norm,1B,gold,-0.0012807624770464,-0.144181419788898,0.141619894834805,0.285801314623703,,0,A ~ 1,A1 ~ 1,0.506,C A
job_1,1,305,gold ; MVN-CC-ours ; Am-ours,OLS,(Intercept),1000,5,100,norm,1B,MVN-CC-ours,0.091441636534884,-0.134840648621358,0.317723921691126,0.452564570312485,,0,A ~ 1,A1 ~ 1,0.506,C A
job_1,1,305,gold ; MVN-CC-ours ; Am-ours,OLS,(Intercept),1000,5,100,norm,1B,Am-ours,0.0672339441550914,-0.108533325359012,0.243001213669195,0.351534539028206,,0,A ~ 1,A1 ~ 1,0.506,C A
job_1,1,306,gold ; MVN-CC-ours ; Am-ours,OLS,(Intercept),1000,5,100,norm,1B,gold,0.00315376216963544,-0.130178224835542,0.136485749174812,0.266663974010354,,0,A ~ 1,A1 ~ 1,0.492,C A
job_1,1,306,gold ; MVN-CC-ours ; Am-ours,OLS,(Intercept),1000,5,100,norm,1B,MVN-CC-ours,0.0403900253850055,-0.140765034130327,0.221545084900338,0.362310119030666,,0,A ~ 1,A1 ~ 1,0.492,C A
job_1,1,306,gold ; MVN-CC-ours ; Am-ours,OLS,(Intercept),1000,5,100,norm,1B,Am-ours,0.0673872927660241,-0.193909119531744,0.328683705063792,0.522592824595536,,0,A ~ 1,A1 ~ 1,0.492,C A
job_1,1,307,gold ; MVN-CC-ours ; Am-ours,OLS,(Intercept),1000,5,100,norm,1B,gold,-0.0456088766234084,-0.176462666336735,0.0852449130899185,0.261707579426654,,0,A ~ 1,A1 ~ 1,0.489,C A
job_1,1,307,gold ; MVN-CC-ours ; Am-ours,OLS,(Intercept),1000,5,100,norm,1B,MVN-CC-ours,0.014891246550665,-0.206914020742239,0.236696513843569,0.443610534585808,,0,A ~ 1,A1 ~ 1,0.489,C A
job_1,1,307,gold ; MVN-CC-ours ; Am-ours,OLS,(Intercept),1000,5,100,norm,1B,Am-ours,0.0564484870594736,-0.106193780377017,0.219090754495964,0.325284534872981,,0,A ~ 1,A1 ~ 1,0.489,C A
job_1,1,308,gold ; MVN-CC-ours ; Am-ours,OLS,(Intercept),1000,5,100,norm,1B,gold,-0.0657978387692469,-0.205055168017142,0.0734594904786484,0.278514658495791,,0,A ~ 1,A1 ~ 1,0.496,C A
job_1,1,308,gold ; MVN-CC-ours ; Am-ours,OLS,(Intercept),1000,5,100,norm,1B,MVN-CC-ours,-0.0765118772930891,-0.333023167363535,0.179999412777357,0.513022580140892,,0,A ~ 1,A1 ~ 1,0.496,C A
job_1,1,308,gold ; MVN-CC-ours ; Am-ours,OLS,(Intercept),1000,5,100,norm,1B,Am-ours,-0.0851728330554296,-0.25499143876457,0.0846457726537105,0.33963721141828,,0,A ~ 1,A1 ~ 1,0.496,C A
job_1,1,309,gold ; MVN-CC-ours ; Am-ours,OLS,(Intercept),1000,5,100,norm,1B,gold,-0.0148989676975501,-0.154585083543478,0.124787148148378,0.279372231691857,,0,A ~ 1,A1 ~ 1,0.48,C A
job_1,1,309,gold ; MVN-CC-ours ; Am-ours,OLS,(Intercept),1000,5,100,norm,1B,MVN-CC-ours,-0.029961619183315,-0.191255817549854,0.131332579183224,0.322588396733077,,0,A ~ 1,A1 ~ 1,0.48,C A
job_1,1,309,gold ; MVN-CC-ours ; Am-ours,OLS,(Intercept),1000,5,100,norm,1B,Am-ours,-0.0522437350728558,-0.267969855618108,0.163482385472396,0.431452241090503,,0,A ~ 1,A1 ~ 1,0.48,C A
job_1,1,310,gold ; MVN-CC-ours ; Am-ours,OLS,(Intercept),1000,5,100,norm,1B,gold,-0.0715348046572039,-0.212532797012834,0.0694631876984258,0.281995984711259,,0,A ~ 1,A1 ~ 1,0.504,C A
job_1,1,310,gold ; MVN-CC-ours ; Am-ours,OLS,(Intercept),1000,5,100,norm,1B,MVN-CC-ours,-0.0593469266504059,-0.243308583435422,0.12461473013461,0.367923313570031,,0,A ~ 1,A1 ~ 1,0.504,C A
job_1,1,310,gold ; MVN-CC-ours ; Am-ours,OLS,(Intercept),1000,5,100,norm,1B,Am-ours,-0.0703320732670524,-0.302713344717147,0.162049198183043,0.46476254290019,,0,A ~ 1,A1 ~ 1,0.504,C A
job_1,1,311,gold ; MVN-CC-ours ; Am-ours,OLS,(Intercept),1000,5,100,norm,1B,gold,-0.00328982496015166,-0.142429786470105,0.135850136549802,0.278279923019907,,0,A ~ 1,A1 ~ 1,0.503,C A
job_1,1,311,gold ; MVN-CC-ours ; Am-ours,OLS,(Intercept),1000,5,100,norm,1B,MVN-CC-ours,-0.0706040334697886,-0.316713933218585,0.175505866279008,0.492219799497594,,0,A ~ 1,A1 ~ 1,0.503,C A
job_1,1,311,gold ; MVN-CC-ours ; Am-ours,OLS,(Intercept),1000,5,100,norm,1B,Am-ours,-0.0227655661725215,-0.311036812363514,0.265505680018471,0.576542492381985,,0,A ~ 1,A1 ~ 1,0.503,C A
job_1,1,312,gold ; MVN-CC-ours ; Am-ours,OLS,(Intercept),1000,5,100,norm,1B,gold,0.0484108887139422,-0.089629648704068,0.186451426131952,0.27608107483602,,0,A ~ 1,A1 ~ 1,0.516,C A
job_1,1,312,gold ; MVN-CC-ours ; Am-ours,OLS,(Intercept),1000,5,100,norm,1B,MVN-CC-ours,-0.0147051920312145,-0.272804809170197,0.243394425107768,0.516199234277964,,0,A ~ 1,A1 ~ 1,0.516,C A
job_1,1,312,gold ; MVN-CC-ours ; Am-ours,OLS,(Intercept),1000,5,100,norm,1B,Am-ours,0.015842640405198,-0.166624728710871,0.198310009521267,0.364934738232138,,0,A ~ 1,A1 ~ 1,0.516,C A
job_1,1,313,gold ; MVN-CC-ours ; Am-ours,OLS,(Intercept),1000,5,100,norm,1B,gold,-0.0375532807857864,-0.174171586867408,0.0990650252958355,0.273236612163244,,0,A ~ 1,A1 ~ 1,0.473,C A
job_1,1,313,gold ; MVN-CC-ours ; Am-ours,OLS,(Intercept),1000,5,100,norm,1B,MVN-CC-ours,0.0373016099868674,-0.231078066113795,0.30568128608753,0.536759352201325,,0,A ~ 1,A1 ~ 1,0.473,C A
job_1,1,313,gold ; MVN-CC-ours ; Am-ours,OLS,(Intercept),1000,5,100,norm,1B,Am-ours,0.0527675494233142,-0.171344118923908,0.276879217770536,0.448223336694444,,0,A ~ 1,A1 ~ 1,0.473,C A
job_1,1,314,gold ; MVN-CC-ours ; Am-ours,OLS,(Intercept),1000,5,100,norm,1B,gold,-0.0489367935980657,-0.185372254691132,0.0874986674950002,0.272870922186132,,0,A ~ 1,A1 ~ 1,0.504,C A
job_1,1,314,gold ; MVN-CC-ours ; Am-ours,OLS,(Intercept),1000,5,100,norm,1B,MVN-CC-ours,-0.130494042731563,-0.36858588103926,0.107597795576133,0.476183676615394,,0,A ~ 1,A1 ~ 1,0.504,C A
job_1,1,314,gold ; MVN-CC-ours ; Am-ours,OLS,(Intercept),1000,5,100,norm,1B,Am-ours,-0.0962672205751151,-0.34822001118864,0.155685570038409,0.503905581227049,,0,A ~ 1,A1 ~ 1,0.504,C A
job_1,1,315,gold ; MVN-CC-ours ; Am-ours,OLS,(Intercept),1000,5,100,norm,1B,gold,0.0530839565609151,-0.0858023630208545,0.191970276142685,0.277772639163539,,0,A ~ 1,A1 ~ 1,0.481,C A
job_1,1,315,gold ; MVN-CC-ours ; Am-ours,OLS,(Intercept),1000,5,100,norm,1B,MVN-CC-ours,-0.0104655628293436,-0.189133286347702,0.168202160689015,0.357335447036717,,0,A ~ 1,A1 ~ 1,0.481,C A
job_1,1,315,gold ; MVN-CC-ours ; Am-ours,OLS,(Intercept),1000,5,100,norm,1B,Am-ours,0.00699546404283112,-0.249378274806164,0.263369202891826,0.51274747769799,,0,A ~ 1,A1 ~ 1,0.481,C A
job_1,1,316,gold ; MVN-CC-ours ; Am-ours,OLS,(Intercept),1000,5,100,norm,1B,gold,0.05848124158833,-0.0842867849041921,0.201249268080852,0.285536052985044,,0,A ~ 1,A1 ~ 1,0.518,C A
job_1,1,316,gold ; MVN-CC-ours ; Am-ours,OLS,(Intercept),1000,5,100,norm,1B,MVN-CC-ours,-0.163854964323922,-0.344573242239106,0.0168633135912623,0.361436555830368,,0,A ~ 1,A1 ~ 1,0.518,C A
job_1,1,316,gold ; MVN-CC-ours ; Am-ours,OLS,(Intercept),1000,5,100,norm,1B,Am-ours,-0.103782719744688,-0.316320696501716,0.10875525701234,0.425075953514055,,0,A ~ 1,A1 ~ 1,0.518,C A
job_1,1,317,gold ; MVN-CC-ours ; Am-ours,OLS,(Intercept),1000,5,100,norm,1B,gold,0.0282651466682982,-0.106574669019458,0.163104962356054,0.269679631375512,,0,A ~ 1,A1 ~ 1,0.48,C A
job_1,1,317,gold ; MVN-CC-ours ; Am-ours,OLS,(Intercept),1000,5,100,norm,1B,MVN-CC-ours,-0.00423790401805396,-0.256239636221899,0.247763828185791,0.50400346440769,,0,A ~ 1,A1 ~ 1,0.48,C A
job_1,1,317,gold ; MVN-CC-ours ; Am-ours,OLS,(Intercept),1000,5,100,norm,1B,Am-ours,0.00287746491438061,-0.15542545585349,0.161180385682251,0.316605841535741,,0,A ~ 1,A1 ~ 1,0.48,C A
job_1,1,318,gold ; MVN-CC-ours ; Am-ours,OLS,(Intercept),1000,5,100,norm,1B,gold,-0.116641526518231,-0.251756530295123,0.0184734772586601,0.270230007553783,,0,A ~ 1,A1 ~ 1,0.497,C A
job_1,1,318,gold ; MVN-CC-ours ; Am-ours,OLS,(Intercept),1000,5,100,norm,1B,MVN-CC-ours,-0.0738268253647698,-0.243918657055316,0.0962650063257762,0.340183663381092,,0,A ~ 1,A1 ~ 1,0.497,C A
job_1,1,318,gold ; MVN-CC-ours ; Am-ours,OLS,(Intercept),1000,5,100,norm,1B,Am-ours,-0.0518285089891432,-0.192265815126081,0.0886087971477948,0.280874612273876,,0,A ~ 1,A1 ~ 1,0.497,C A
job_1,1,319,gold ; MVN-CC-ours ; Am-ours,OLS,(Intercept),1000,5,100,norm,1B,gold,0.14904408487327,0.00634153230103537,0.291746637445505,0.28540510514447,,0,A ~ 1,A1 ~ 1,0.469,C A
job_1,1,319,gold ; MVN-CC-ours ; Am-ours,OLS,(Intercept),1000,5,100,norm,1B,MVN-CC-ours,0.258345517660375,-0.0613839937427238,0.578075029063474,0.639459022806198,,0,A ~ 1,A1 ~ 1,0.469,C A
job_1,1,319,gold ; MVN-CC-ours ; Am-ours,OLS,(Intercept),1000,5,100,norm,1B,Am-ours,0.281083319444469,0.0275696855558679,0.534596953333071,0.507027267777203,,0,A ~ 1,A1 ~ 1,0.469,C A
job_1,1,320,gold ; MVN-CC-ours ; Am-ours,OLS,(Intercept),1000,5,100,norm,1B,gold,0.0900408060351507,-0.0465324983010601,0.226614110371361,0.273146608672422,,0,A ~ 1,A1 ~ 1,0.473,C A
job_1,1,320,gold ; MVN-CC-ours ; Am-ours,OLS,(Intercept),1000,5,100,norm,1B,MVN-CC-ours,-0.0336734390459278,-0.200532529723192,0.133185651631336,0.333718181354528,,0,A ~ 1,A1 ~ 1,0.473,C A
job_1,1,320,gold ; MVN-CC-ours ; Am-ours,OLS,(Intercept),1000,5,100,norm,1B,Am-ours,-0.0503577581133948,-0.19898524163216,0.0982697254053705,0.297254967037531,,0,A ~ 1,A1 ~ 1,0.473,C A
job_1,1,321,gold ; MVN-CC-ours ; Am-ours,OLS,(Intercept),1000,5,100,norm,1B,gold,0.120410135846469,-0.0191880963386076,0.260008368031546,0.279196464370154,,0,A ~ 1,A1 ~ 1,0.489,C A
job_1,1,321,gold ; MVN-CC-ours ; Am-ours,OLS,(Intercept),1000,5,100,norm,1B,MVN-CC-ours,0.0514947671602643,-0.359009190948039,0.461998725268568,0.821007916216608,,0,A ~ 1,A1 ~ 1,0.489,C A
job_1,1,321,gold ; MVN-CC-ours ; Am-ours,OLS,(Intercept),1000,5,100,norm,1B,Am-ours,0.0365820436584595,-0.175860775950581,0.2490248632675,0.424885639218081,,0,A ~ 1,A1 ~ 1,0.489,C A
job_1,1,322,gold ; MVN-CC-ours ; Am-ours,OLS,(Intercept),1000,5,100,norm,1B,gold,-0.0161260836006383,-0.150171137035666,0.11791896983439,0.268090106870056,,0,A ~ 1,A1 ~ 1,0.484,C A
job_1,1,322,gold ; MVN-CC-ours ; Am-ours,OLS,(Intercept),1000,5,100,norm,1B,MVN-CC-ours,-0.0905610834333026,-0.325310484955755,0.14418831808915,0.469498803044906,,0,A ~ 1,A1 ~ 1,0.484,C A
job_1,1,322,gold ; MVN-CC-ours ; Am-ours,OLS,(Intercept),1000,5,100,norm,1B,Am-ours,-0.155120154496367,-0.561275294278703,0.251034985285968,0.812310279564671,,0,A ~ 1,A1 ~ 1,0.484,C A
job_1,1,323,gold ; MVN-CC-ours ; Am-ours,OLS,(Intercept),1000,5,100,norm,1B,gold,0.083052074731082,-0.0573441629163252,0.223448312378489,0.280792475294814,,0,A ~ 1,A1 ~ 1,0.517,C A
job_1,1,323,gold ; MVN-CC-ours ; Am-ours,OLS,(Intercept),1000,5,100,norm,1B,MVN-CC-ours,0.068955985826668,-0.0969925902545183,0.234904561907854,0.331897152162373,,0,A ~ 1,A1 ~ 1,0.517,C A
job_1,1,323,gold ; MVN-CC-ours ; Am-ours,OLS,(Intercept),1000,5,100,norm,1B,Am-ours,0.0695988837703905,-0.274483457404029,0.41368122494481,0.688164682348839,,0,A ~ 1,A1 ~ 1,0.517,C A
job_1,1,324,gold ; MVN-CC-ours ; Am-ours,OLS,(Intercept),1000,5,100,norm,1B,gold,-0.0102059343400951,-0.147590345879804,0.127178477199614,0.274768823079419,,0,A ~ 1,A1 ~ 1,0.518,C A
job_1,1,324,gold ; MVN-CC-ours ; Am-ours,OLS,(Intercept),1000,5,100,norm,1B,MVN-CC-ours,-0.0221264187019316,-0.238261896223119,0.194009058819256,0.432270955042375,,0,A ~ 1,A1 ~ 1,0.518,C A
job_1,1,324,gold ; MVN-CC-ours ; Am-ours,OLS,(Intercept),1000,5,100,norm,1B,Am-ours,-0.00721750157475563,-0.194140440732842,0.179705437583331,0.373845878316172,,0,A ~ 1,A1 ~ 1,0.518,C A
job_1,1,325,gold ; MVN-CC-ours ; Am-ours,OLS,(Intercept),1000,5,100,norm,1B,gold,0.0595495226879767,-0.0788221097096624,0.197921155085616,0.276743264795278,,0,A ~ 1,A1 ~ 1,0.506,C A
job_1,1,325,gold ; MVN-CC-ours ; Am-ours,OLS,(Intercept),1000,5,100,norm,1B,MVN-CC-ours,0.0346183114803321,-0.173802691505583,0.243039314466247,0.416842005971831,,0,A ~ 1,A1 ~ 1,0.506,C A
job_1,1,325,gold ; MVN-CC-ours ; Am-ours,OLS,(Intercept),1000,5,100,norm,1B,Am-ours,0.0303232566042542,-0.151480555683686,0.212127068892194,0.36360762457588,,0,A ~ 1,A1 ~ 1,0.506,C A
job_1,1,326,gold ; MVN-CC-ours ; Am-ours,OLS,(Intercept),1000,5,100,norm,1B,gold,0.0767343957560334,-0.0608631606757708,0.214331952187838,0.275195112863608,,0,A ~ 1,A1 ~ 1,0.517,C A
job_1,1,326,gold ; MVN-CC-ours ; Am-ours,OLS,(Intercept),1000,5,100,norm,1B,MVN-CC-ours,0.149835601757509,-0.0712342898258036,0.370905493340822,0.442139783166626,,0,A ~ 1,A1 ~ 1,0.517,C A
job_1,1,326,gold ; MVN-CC-ours ; Am-ours,OLS,(Intercept),1000,5,100,norm,1B,Am-ours,0.188349930004658,-0.0123317099578804,0.389031569967196,0.401363279925076,,0,A ~ 1,A1 ~ 1,0.517,C A
job_1,1,327,gold ; MVN-CC-ours ; Am-ours,OLS,(Intercept),1000,5,100,norm,1B,gold,0.0142124329756563,-0.121996319504082,0.150421185455395,0.272417504959477,,0,A ~ 1,A1 ~ 1,0.494,C A
job_1,1,327,gold ; MVN-CC-ours ; Am-ours,OLS,(Intercept),1000,5,100,norm,1B,MVN-CC-ours,0.148484187281174,-0.0513357189094389,0.348304093471787,0.399639812381226,,0,A ~ 1,A1 ~ 1,0.494,C A
job_1,1,327,gold ; MVN-CC-ours ; Am-ours,OLS,(Intercept),1000,5,100,norm,1B,Am-ours,0.136966585014572,-0.20321715343057,0.477150323459714,0.680367476890284,,0,A ~ 1,A1 ~ 1,0.494,C A
job_1,1,328,gold ; MVN-CC-ours ; Am-ours,OLS,(Intercept),1000,5,100,norm,1B,gold,-0.0555452305883542,-0.196269225054263,0.0851787638775548,0.281447988931818,,0,A ~ 1,A1 ~ 1,0.51,C A
job_1,1,328,gold ; MVN-CC-ours ; Am-ours,OLS,(Intercept),1000,5,100,norm,1B,MVN-CC-ours,-0.0672508249018899,-0.310794625911691,0.176292976107912,0.487087602019603,,0,A ~ 1,A1 ~ 1,0.51,C A
job_1,1,328,gold ; MVN-CC-ours ; Am-ours,OLS,(Intercept),1000,5,100,norm,1B,Am-ours,-0.0160905400841665,-0.215272325276199,0.183091245107866,0.398363570384066,,0,A ~ 1,A1 ~ 1,0.51,C A
job_1,1,329,gold ; MVN-CC-ours ; Am-ours,OLS,(Intercept),1000,5,100,norm,1B,gold,0.0456717593101215,-0.0835149650886037,0.174858483708847,0.25837344879745,,0,A ~ 1,A1 ~ 1,0.52,C A
job_1,1,329,gold ; MVN-CC-ours ; Am-ours,OLS,(Intercept),1000,5,100,norm,1B,MVN-CC-ours,0.0425002407875977,-0.200247509091727,0.285247990666923,0.48549549975865,,0,A ~ 1,A1 ~ 1,0.52,C A
job_1,1,329,gold ; MVN-CC-ours ; Am-ours,OLS,(Intercept),1000,5,100,norm,1B,Am-ours,-0.0338614247748108,-0.215210299906825,0.147487450357204,0.362697750264029,,0,A ~ 1,A1 ~ 1,0.52,C A
job_1,1,330,gold ; MVN-CC-ours ; Am-ours,OLS,(Intercept),1000,5,100,norm,1B,gold,-0.0336039785497865,-0.16836058095195,0.101152623852377,0.269513204804328,,0,A ~ 1,A1 ~ 1,0.496,C A
job_1,1,330,gold ; MVN-CC-ours ; Am-ours,OLS,(Intercept),1000,5,100,norm,1B,MVN-CC-ours,-0.0465200901289966,-0.247664227389655,0.154624047131662,0.402288274521317,,0,A ~ 1,A1 ~ 1,0.496,C A
job_1,1,330,gold ; MVN-CC-ours ; Am-ours,OLS,(Intercept),1000,5,100,norm,1B,Am-ours,0.0478484143732364,-0.253551002505176,0.349247831251649,0.602798833756825,,0,A ~ 1,A1 ~ 1,0.496,C A
job_1,1,331,gold ; MVN-CC-ours ; Am-ours,OLS,(Intercept),1000,5,100,norm,1B,gold,0.112646213897783,-0.0284555057196189,0.253747933515184,0.282203439234803,,0,A ~ 1,A1 ~ 1,0.484,C A
job_1,1,331,gold ; MVN-CC-ours ; Am-ours,OLS,(Intercept),1000,5,100,norm,1B,MVN-CC-ours,0.098727170370089,-0.108346019408869,0.305800360149047,0.414146379557916,,0,A ~ 1,A1 ~ 1,0.484,C A
job_1,1,331,gold ; MVN-CC-ours ; Am-ours,OLS,(Intercept),1000,5,100,norm,1B,Am-ours,0.210371992572681,0.0164293090600109,0.404314676085351,0.38788536702534,,0,A ~ 1,A1 ~ 1,0.484,C A
job_1,1,332,gold ; MVN-CC-ours ; Am-ours,OLS,(Intercept),1000,5,100,norm,1B,gold,-0.018542366031519,-0.157172788143329,0.120088056080291,0.27726084422362,,0,A ~ 1,A1 ~ 1,0.516,C A
job_1,1,332,gold ; MVN-CC-ours ; Am-ours,OLS,(Intercept),1000,5,100,norm,1B,MVN-CC-ours,-0.133230939778347,-0.35010881299356,0.0836469334368662,0.433755746430426,,0,A ~ 1,A1 ~ 1,0.516,C A
job_1,1,332,gold ; MVN-CC-ours ; Am-ours,OLS,(Intercept),1000,5,100,norm,1B,Am-ours,-0.160761613147258,-0.405619780367866,0.0840965540733499,0.489716334441216,,0,A ~ 1,A1 ~ 1,0.516,C A
job_1,1,333,gold ; MVN-CC-ours ; Am-ours,OLS,(Intercept),1000,5,100,norm,1B,gold,-0.0438755126470479,-0.182299473164781,0.0945484478706848,0.276847921035465,,0,A ~ 1,A1 ~ 1,0.538,C A
job_1,1,333,gold ; MVN-CC-ours ; Am-ours,OLS,(Intercept),1000,5,100,norm,1B,MVN-CC-ours,-0.0675513226539445,-0.383834902997008,0.248732257689119,0.632567160686127,,0,A ~ 1,A1 ~ 1,0.538,C A
job_1,1,333,gold ; MVN-CC-ours ; Am-ours,OLS,(Intercept),1000,5,100,norm,1B,Am-ours,-0.0930733802550694,-0.271149319127189,0.0850025586170497,0.356151877744238,,0,A ~ 1,A1 ~ 1,0.538,C A
job_1,1,334,gold ; MVN-CC-ours ; Am-ours,OLS,(Intercept),1000,5,100,norm,1B,gold,0.0828145874389054,-0.060087614814695,0.225716789692506,0.285804404507201,,0,A ~ 1,A1 ~ 1,0.484,C A
job_1,1,334,gold ; MVN-CC-ours ; Am-ours,OLS,(Intercept),1000,5,100,norm,1B,MVN-CC-ours,0.0514849853270626,-0.163755589235532,0.266725559889657,0.430481149125189,,0,A ~ 1,A1 ~ 1,0.484,C A
job_1,1,334,gold ; MVN-CC-ours ; Am-ours,OLS,(Intercept),1000,5,100,norm,1B,Am-ours,0.0858372347498263,-0.133795153779637,0.30546962327929,0.439264777058927,,0,A ~ 1,A1 ~ 1,0.484,C A
job_1,1,335,gold ; MVN-CC-ours ; Am-ours,OLS,(Intercept),1000,5,100,norm,1B,gold,-0.0197635490477445,-0.159803403000362,0.120276304904873,0.280079707905234,,0,A ~ 1,A1 ~ 1,0.495,C A
job_1,1,335,gold ; MVN-CC-ours ; Am-ours,OLS,(Intercept),1000,5,100,norm,1B,MVN-CC-ours,0.127049747957543,-0.0607656875256013,0.314865183440686,0.375630870966288,,0,A ~ 1,A1 ~ 1,0.495,C A
job_1,1,335,gold ; MVN-CC-ours ; Am-ours,OLS,(Intercept),1000,5,100,norm,1B,Am-ours,0.150478993531205,-0.115810583530009,0.416768570592419,0.532579154122428,,0,A ~ 1,A1 ~ 1,0.495,C A
job_1,1,336,gold ; MVN-CC-ours ; Am-ours,OLS,(Intercept),1000,5,100,norm,1B,gold,-0.0537348137296591,-0.193896947739122,0.0864273202798038,0.280324268018926,,0,A ~ 1,A1 ~ 1,0.493,C A
job_1,1,336,gold ; MVN-CC-ours ; Am-ours,OLS,(Intercept),1000,5,100,norm,1B,MVN-CC-ours,-0.0199370295339408,-0.242950145491335,0.203076086423454,0.446026231914789,,0,A ~ 1,A1 ~ 1,0.493,C A
job_1,1,336,gold ; MVN-CC-ours ; Am-ours,OLS,(Intercept),1000,5,100,norm,1B,Am-ours,0.0260250098975638,-0.228816072901217,0.280866092696345,0.509682165597562,,0,A ~ 1,A1 ~ 1,0.493,C A
job_1,1,337,gold ; MVN-CC-ours ; Am-ours,OLS,(Intercept),1000,5,100,norm,1B,gold,-0.10430899833129,-0.244071961453745,0.0354539647911658,0.279525926244911,,0,A ~ 1,A1 ~ 1,0.489,C A
job_1,1,337,gold ; MVN-CC-ours ; Am-ours,OLS,(Intercept),1000,5,100,norm,1B,MVN-CC-ours,0.0436892598094801,-0.210060902351401,0.297439421970362,0.507500324321763,,0,A ~ 1,A1 ~ 1,0.489,C A
job_1,1,337,gold ; MVN-CC-ours ; Am-ours,OLS,(Intercept),1000,5,100,norm,1B,Am-ours,0.0320400872883085,-0.2188569121181,0.282937086694717,0.501793998812818,,0,A ~ 1,A1 ~ 1,0.489,C A
job_1,1,338,gold ; MVN-CC-ours ; Am-ours,OLS,(Intercept),1000,5,100,norm,1B,gold,0.0929360804526343,-0.0468293408697427,0.232701501775011,0.279530842644754,,0,A ~ 1,A1 ~ 1,0.498,C A
job_1,1,338,gold ; MVN-CC-ours ; Am-ours,OLS,(Intercept),1000,5,100,norm,1B,MVN-CC-ours,0.0108736392781747,-0.21378454131527,0.23553181987162,0.44931636118689,,0,A ~ 1,A1 ~ 1,0.498,C A
job_1,1,338,gold ; MVN-CC-ours ; Am-ours,OLS,(Intercept),1000,5,100,norm,1B,Am-ours,-0.0839758584011928,-0.256272145967623,0.0883204291652372,0.34459257513286,,0,A ~ 1,A1 ~ 1,0.498,C A
job_1,1,339,gold ; MVN-CC-ours ; Am-ours,OLS,(Intercept),1000,5,100,norm,1B,gold,-0.027768099746208,-0.1639098315488,0.108373632056384,0.272283463605184,,0,A ~ 1,A1 ~ 1,0.516,C A
job_1,1,339,gold ; MVN-CC-ours ; Am-ours,OLS,(Intercept),1000,5,100,norm,1B,MVN-CC-ours,-0.00336885181903042,-0.212919472004306,0.206181768366245,0.419101240370551,,0,A ~ 1,A1 ~ 1,0.516,C A
job_1,1,339,gold ; MVN-CC-ours ; Am-ours,OLS,(Intercept),1000,5,100,norm,1B,Am-ours,-0.0110630459339576,-0.157505840210595,0.135379748342679,0.292885588553274,,0,A ~ 1,A1 ~ 1,0.516,C A
job_1,1,340,gold ; MVN-CC-ours ; Am-ours,OLS,(Intercept),1000,5,100,norm,1B,gold,-0.0571470707325091,-0.20325667582003,0.0889625343550114,0.292219210175041,,0,A ~ 1,A1 ~ 1,0.485,C A
job_1,1,340,gold ; MVN-CC-ours ; Am-ours,OLS,(Intercept),1000,5,100,norm,1B,MVN-CC-ours,-0.0147748172723794,-0.252562105899558,0.2230124713548,0.475574577254358,,0,A ~ 1,A1 ~ 1,0.485,C A
job_1,1,340,gold ; MVN-CC-ours ; Am-ours,OLS,(Intercept),1000,5,100,norm,1B,Am-ours,-0.0340827394191499,-0.352104059301219,0.283938580462919,0.636042639764138,,0,A ~ 1,A1 ~ 1,0.485,C A
job_1,1,341,gold ; MVN-CC-ours ; Am-ours,OLS,(Intercept),1000,5,100,norm,1B,gold,-0.0157146540524881,-0.154272526468055,0.122843218363079,0.277115744831134,,0,A ~ 1,A1 ~ 1,0.508,C A
job_1,1,341,gold ; MVN-CC-ours ; Am-ours,OLS,(Intercept),1000,5,100,norm,1B,MVN-CC-ours,-0.0962926504778143,-0.266082823035425,0.0734975220797968,0.339580345115222,,0,A ~ 1,A1 ~ 1,0.508,C A
job_1,1,341,gold ; MVN-CC-ours ; Am-ours,OLS,(Intercept),1000,5,100,norm,1B,Am-ours,-0.0862928600497696,-0.265614181059508,0.0930284609599684,0.358642642019476,,0,A ~ 1,A1 ~ 1,0.508,C A
job_1,1,342,gold ; MVN-CC-ours ; Am-ours,OLS,(Intercept),1000,5,100,norm,1B,gold,0.016796564455591,-0.119215839867262,0.152808968778444,0.272024808645706,,0,A ~ 1,A1 ~ 1,0.502,C A
job_1,1,342,gold ; MVN-CC-ours ; Am-ours,OLS,(Intercept),1000,5,100,norm,1B,MVN-CC-ours,0.0751379228878007,-0.0922124576655321,0.242488303441133,0.334700761106666,,0,A ~ 1,A1 ~ 1,0.502,C A
job_1,1,342,gold ; MVN-CC-ours ; Am-ours,OLS,(Intercept),1000,5,100,norm,1B,Am-ours,0.141286416599566,-0.0825138117427137,0.365086644941846,0.447600456684559,,0,A ~ 1,A1 ~ 1,0.502,C A
job_1,1,343,gold ; MVN-CC-ours ; Am-ours,OLS,(Intercept),1000,5,100,norm,1B,gold,-0.0409305423499925,-0.180056193771218,0.0981951090712331,0.278251302842451,,0,A ~ 1,A1 ~ 1,0.509,C A
job_1,1,343,gold ; MVN-CC-ours ; Am-ours,OLS,(Intercept),1000,5,100,norm,1B,MVN-CC-ours,0.181501153580001,-0.156072657173198,0.5190749643332,0.675147621506398,,0,A ~ 1,A1 ~ 1,0.509,C A
job_1,1,343,gold ; MVN-CC-ours ; Am-ours,OLS,(Intercept),1000,5,100,norm,1B,Am-ours,0.145583940674796,-0.0547638467964206,0.345931728146012,0.400695574942433,,0,A ~ 1,A1 ~ 1,0.509,C A
job_1,1,344,gold ; MVN-CC-ours ; Am-ours,OLS,(Intercept),1000,5,100,norm,1B,gold,-0.0496449068909137,-0.193675786859082,0.0943859730772546,0.288061759936337,,0,A ~ 1,A1 ~ 1,0.504,C A
job_1,1,344,gold ; MVN-CC-ours ; Am-ours,OLS,(Intercept),1000,5,100,norm,1B,MVN-CC-ours,-0.0546934499588569,-0.3003175642896,0.190930664371886,0.491248228661485,,0,A ~ 1,A1 ~ 1,0.504,C A
job_1,1,344,gold ; MVN-CC-ours ; Am-ours,OLS,(Intercept),1000,5,100,norm,1B,Am-ours,-0.0129981961828367,-0.163935009000273,0.1379386166346,0.301873625634873,,0,A ~ 1,A1 ~ 1,0.504,C A
job_1,1,345,gold ; MVN-CC-ours ; Am-ours,OLS,(Intercept),1000,5,100,norm,1B,gold,-0.091155967711633,-0.222969415266512,0.0406574798432461,0.263626895109758,,0,A ~ 1,A1 ~ 1,0.486,C A
job_1,1,345,gold ; MVN-CC-ours ; Am-ours,OLS,(Intercept),1000,5,100,norm,1B,MVN-CC-ours,-0.1664327920193,-0.495637485330268,0.162771901291668,0.658409386621936,,0,A ~ 1,A1 ~ 1,0.486,C A
job_1,1,345,gold ; MVN-CC-ours ; Am-ours,OLS,(Intercept),1000,5,100,norm,1B,Am-ours,-0.131497982591904,-0.344841169368037,0.0818452041842285,0.426686373552266,,0,A ~ 1,A1 ~ 1,0.486,C A
job_1,1,346,gold ; MVN-CC-ours ; Am-ours,OLS,(Intercept),1000,5,100,norm,1B,gold,-0.0904386509307885,-0.23137921387353,0.0505019120119535,0.281881125885484,,0,A ~ 1,A1 ~ 1,0.519,C A
job_1,1,346,gold ; MVN-CC-ours ; Am-ours,OLS,(Intercept),1000,5,100,norm,1B,MVN-CC-ours,-0.235573350433109,-0.455457852960787,-0.0156888479054303,0.439769005055357,,0,A ~ 1,A1 ~ 1,0.519,C A
job_1,1,346,gold ; MVN-CC-ours ; Am-ours,OLS,(Intercept),1000,5,100,norm,1B,Am-ours,-0.178633885015988,-0.418957633001293,0.0616898629693161,0.480647495970609,,0,A ~ 1,A1 ~ 1,0.519,C A
job_1,1,347,gold ; MVN-CC-ours ; Am-ours,OLS,(Intercept),1000,5,100,norm,1B,gold,-0.0102405305910928,-0.149786175748242,0.129305114566056,0.279091290314298,,0,A ~ 1,A1 ~ 1,0.488,C A
job_1,1,347,gold ; MVN-CC-ours ; Am-ours,OLS,(Intercept),1000,5,100,norm,1B,MVN-CC-ours,-0.0648454224286466,-0.298293496393413,0.16860265153612,0.466896147929532,,0,A ~ 1,A1 ~ 1,0.488,C A
job_1,1,347,gold ; MVN-CC-ours ; Am-ours,OLS,(Intercept),1000,5,100,norm,1B,Am-ours,-0.0270301956592879,-0.317226899472331,0.263166508153756,0.580393407626087,,0,A ~ 1,A1 ~ 1,0.488,C A
job_1,1,348,gold ; MVN-CC-ours ; Am-ours,OLS,(Intercept),1000,5,100,norm,1B,gold,-0.0501798294192448,-0.18607505984598,0.0857154010074907,0.271790460853471,,0,A ~ 1,A1 ~ 1,0.506,C A
job_1,1,348,gold ; MVN-CC-ours ; Am-ours,OLS,(Intercept),1000,5,100,norm,1B,MVN-CC-ours,0.0229751462237218,-0.203434240335812,0.249384532783255,0.452818773119067,,0,A ~ 1,A1 ~ 1,0.506,C A
job_1,1,348,gold ; MVN-CC-ours ; Am-ours,OLS,(Intercept),1000,5,100,norm,1B,Am-ours,0.0303854352349991,-0.19377392685868,0.254544797328678,0.448318724187358,,0,A ~ 1,A1 ~ 1,0.506,C A
job_1,1,349,gold ; MVN-CC-ours ; Am-ours,OLS,(Intercept),1000,5,100,norm,1B,gold,-0.00699223827016755,-0.146365674712343,0.132381198172008,0.278746872884351,,0,A ~ 1,A1 ~ 1,0.509,C A
job_1,1,349,gold ; MVN-CC-ours ; Am-ours,OLS,(Intercept),1000,5,100,norm,1B,MVN-CC-ours,-0.159927205276567,-0.325136532645991,0.00528212209285717,0.330418654738848,,0,A ~ 1,A1 ~ 1,0.509,C A
job_1,1,349,gold ; MVN-CC-ours ; Am-ours,OLS,(Intercept),1000,5,100,norm,1B,Am-ours,-0.164859250628445,-0.34892494493367,0.0192064436767811,0.368131388610451,,0,A ~ 1,A1 ~ 1,0.509,C A
job_1,1,350,gold ; MVN-CC-ours ; Am-ours,OLS,(Intercept),1000,5,100,norm,1B,gold,-0.00793934327137795,-0.146690818140586,0.13081213159783,0.277502949738415,,0,A ~ 1,A1 ~ 1,0.507,C A
job_1,1,350,gold ; MVN-CC-ours ; Am-ours,OLS,(Intercept),1000,5,100,norm,1B,MVN-CC-ours,0.123050007827865,-0.0276803907336175,0.273780406389348,0.301460797122965,,0,A ~ 1,A1 ~ 1,0.507,C A
job_1,1,350,gold ; MVN-CC-ours ; Am-ours,OLS,(Intercept),1000,5,100,norm,1B,Am-ours,0.117200035300361,-0.18016034032052,0.414560410921243,0.594720751241763,,0,A ~ 1,A1 ~ 1,0.507,C A
job_1,1,351,gold ; MVN-CC-ours ; Am-ours,OLS,(Intercept),1000,5,100,norm,1B,gold,-0.10674043828738,-0.24910906385012,0.0356281872753593,0.284737251125479,,0,A ~ 1,A1 ~ 1,0.494,C A
job_1,1,351,gold ; MVN-CC-ours ; Am-ours,OLS,(Intercept),1000,5,100,norm,1B,MVN-CC-ours,-0.0483369608564894,-0.383583417953474,0.286909496240495,0.670492914193969,,0,A ~ 1,A1 ~ 1,0.494,C A
job_1,1,351,gold ; MVN-CC-ours ; Am-ours,OLS,(Intercept),1000,5,100,norm,1B,Am-ours,-0.0440238795529228,-0.242638484520726,0.15459072541488,0.397229209935606,,0,A ~ 1,A1 ~ 1,0.494,C A
job_1,1,352,gold ; MVN-CC-ours ; Am-ours,OLS,(Intercept),1000,5,100,norm,1B,gold,0.0236031947299192,-0.110962003345479,0.158168392805317,0.269130396150796,,0,A ~ 1,A1 ~ 1,0.499,C A
job_1,1,352,gold ; MVN-CC-ours ; Am-ours,OLS,(Intercept),1000,5,100,norm,1B,MVN-CC-ours,0.0572893105318214,-0.16899235389295,0.283570974956593,0.452563328849543,,0,A ~ 1,A1 ~ 1,0.499,C A
job_1,1,352,gold ; MVN-CC-ours ; Am-ours,OLS,(Intercept),1000,5,100,norm,1B,Am-ours,-0.00766277725774921,-0.161686074259843,0.146360519744345,0.308046594004188,,0,A ~ 1,A1 ~ 1,0.499,C A
job_1,1,353,gold ; MVN-CC-ours ; Am-ours,OLS,(Intercept),1000,5,100,norm,1B,gold,0.0137324431281015,-0.124107764520526,0.151572650776729,0.275680415297254,,0,A ~ 1,A1 ~ 1,0.511,C A
job_1,1,353,gold ; MVN-CC-ours ; Am-ours,OLS,(Intercept),1000,5,100,norm,1B,MVN-CC-ours,-0.101830893034339,-0.270477045693664,0.0668152596249862,0.33729230531865,,0,A ~ 1,A1 ~ 1,0.511,C A
job_1,1,353,gold ; MVN-CC-ours ; Am-ours,OLS,(Intercept),1000,5,100,norm,1B,Am-ours,-0.063821975781331,-0.286623214548268,0.158979262985606,0.445602477533874,,0,A ~ 1,A1 ~ 1,0.511,C A
job_1,1,354,gold ; MVN-CC-ours ; Am-ours,OLS,(Intercept),1000,5,100,norm,1B,gold,0.0299488432856527,-0.106746725516444,0.166644412087749,0.273391137604193,,0,A ~ 1,A1 ~ 1,0.502,C A
job_1,1,354,gold ; MVN-CC-ours ; Am-ours,OLS,(Intercept),1000,5,100,norm,1B,MVN-CC-ours,0.132245371679079,-0.0898027237066339,0.354293467064792,0.444096190771426,,0,A ~ 1,A1 ~ 1,0.502,C A
job_1,1,354,gold ; MVN-CC-ours ; Am-ours,OLS,(Intercept),1000,5,100,norm,1B,Am-ours,0.0667051670079755,-0.118029959901901,0.251440293917852,0.369470253819754,,0,A ~ 1,A1 ~ 1,0.502,C A
job_1,1,355,gold ; MVN-CC-ours ; Am-ours,OLS,(Intercept),1000,5,100,norm,1B,gold,0.0409161850062105,-0.0938394654214546,0.175671835433876,0.26951130085533,,0,A ~ 1,A1 ~ 1,0.496,C A
job_1,1,355,gold ; MVN-CC-ours ; Am-ours,OLS,(Intercept),1000,5,100,norm,1B,MVN-CC-ours,0.230684354543642,0.0858377061350202,0.375531002952264,0.289693296817244,,0,A ~ 1,A1 ~ 1,0.496,C A
job_1,1,355,gold ; MVN-CC-ours ; Am-ours,OLS,(Intercept),1000,5,100,norm,1B,Am-ours,0.238143062572286,-0.0911684581682064,0.567454583312779,0.658623041480985,,0,A ~ 1,A1 ~ 1,0.496,C A
job_1,1,356,gold ; MVN-CC-ours ; Am-ours,OLS,(Intercept),1000,5,100,norm,1B,gold,-0.12654237604999,-0.262872251725734,0.00978749962575301,0.272659751351487,,0,A ~ 1,A1 ~ 1,0.495,C A
job_1,1,356,gold ; MVN-CC-ours ; Am-ours,OLS,(Intercept),1000,5,100,norm,1B,MVN-CC-ours,-0.136812110245845,-0.45837224688051,0.18474802638882,0.64312027326933,,0,A ~ 1,A1 ~ 1,0.495,C A
job_1,1,356,gold ; MVN-CC-ours ; Am-ours,OLS,(Intercept),1000,5,100,norm,1B,Am-ours,-0.146628011742723,-0.393743632748856,0.10048760926341,0.494231242012265,,0,A ~ 1,A1 ~ 1,0.495,C A
job_1,1,357,gold ; MVN-CC-ours ; Am-ours,OLS,(Intercept),1000,5,100,norm,1B,gold,-0.0368439392607155,-0.173218937649762,0.0995310591283309,0.272749996778093,,0,A ~ 1,A1 ~ 1,0.497,C A
job_1,1,357,gold ; MVN-CC-ours ; Am-ours,OLS,(Intercept),1000,5,100,norm,1B,MVN-CC-ours,-0.0874374469280532,-0.289008160351546,0.11413326649544,0.403141426846985,,0,A ~ 1,A1 ~ 1,0.497,C A
job_1,1,357,gold ; MVN-CC-ours ; Am-ours,OLS,(Intercept),1000,5,100,norm,1B,Am-ours,-0.0759868668942897,-0.316321990522165,0.164348256733585,0.48067024725575,,0,A ~ 1,A1 ~ 1,0.497,C A
job_1,1,358,gold ; MVN-CC-ours ; Am-ours,OLS,(Intercept),1000,5,100,norm,1B,gold,0.0412810373187588,-0.101110332160656,0.183672406798173,0.284782738958829,,0,A ~ 1,A1 ~ 1,0.486,C A
job_1,1,358,gold ; MVN-CC-ours ; Am-ours,OLS,(Intercept),1000,5,100,norm,1B,MVN-CC-ours,0.108337724121727,-0.0989974191057848,0.315672867349238,0.414670286455023,,0,A ~ 1,A1 ~ 1,0.486,C A
job_1,1,358,gold ; MVN-CC-ours ; Am-ours,OLS,(Intercept),1000,5,100,norm,1B,Am-ours,0.0436296437918861,-0.221186278973958,0.30844556655773,0.529631845531688,,0,A ~ 1,A1 ~ 1,0.486,C A
job_1,1,359,gold ; MVN-CC-ours ; Am-ours,OLS,(Intercept),1000,5,100,norm,1B,gold,-0.0887430801625562,-0.223966896010187,0.0464807356850747,0.270447631695262,,0,A ~ 1,A1 ~ 1,0.536,C A
job_1,1,359,gold ; MVN-CC-ours ; Am-ours,OLS,(Intercept),1000,5,100,norm,1B,MVN-CC-ours,-0.0959547604675359,-0.242171850860932,0.0502623299258603,0.292434180786793,,0,A ~ 1,A1 ~ 1,0.536,C A
job_1,1,359,gold ; MVN-CC-ours ; Am-ours,OLS,(Intercept),1000,5,100,norm,1B,Am-ours,-0.104524476729474,-0.278747668294868,0.0696987148359186,0.348446383130786,,0,A ~ 1,A1 ~ 1,0.536,C A
job_1,1,360,gold ; MVN-CC-ours ; Am-ours,OLS,(Intercept),1000,5,100,norm,1B,gold,-0.069424105396447,-0.203678635431813,0.0648304246389187,0.268509060070731,,0,A ~ 1,A1 ~ 1,0.486,C A
job_1,1,360,gold ; MVN-CC-ours ; Am-ours,OLS,(Intercept),1000,5,100,norm,1B,MVN-CC-ours,-0.0704768051988539,-0.299648739878911,0.158695129481203,0.458343869360114,,0,A ~ 1,A1 ~ 1,0.486,C A
job_1,1,360,gold ; MVN-CC-ours ; Am-ours,OLS,(Intercept),1000,5,100,norm,1B,Am-ours,-0.178733411687003,-0.358390886047703,0.000924062673697351,0.3593149487214,,0,A ~ 1,A1 ~ 1,0.486,C A
job_1,1,361,gold ; MVN-CC-ours ; Am-ours,OLS,(Intercept),1000,5,100,norm,1B,gold,-0.0578966067685929,-0.19387321037469,0.0780799968375046,0.271953207212195,,0,A ~ 1,A1 ~ 1,0.483,C A
job_1,1,361,gold ; MVN-CC-ours ; Am-ours,OLS,(Intercept),1000,5,100,norm,1B,MVN-CC-ours,-0.197333469906101,-0.528816930219606,0.134149990407403,0.662966920627009,,0,A ~ 1,A1 ~ 1,0.483,C A
job_1,1,361,gold ; MVN-CC-ours ; Am-ours,OLS,(Intercept),1000,5,100,norm,1B,Am-ours,-0.0870967287322562,-0.250509845481878,0.0763163880173652,0.326826233499243,,0,A ~ 1,A1 ~ 1,0.483,C A
job_1,1,362,gold ; MVN-CC-ours ; Am-ours,OLS,(Intercept),1000,5,100,norm,1B,gold,0.0697181944855989,-0.073387189775757,0.212823578746955,0.286210768522712,,0,A ~ 1,A1 ~ 1,0.502,C A
job_1,1,362,gold ; MVN-CC-ours ; Am-ours,OLS,(Intercept),1000,5,100,norm,1B,MVN-CC-ours,0.0454764326503286,-0.176560217118802,0.267513082419459,0.444073299538262,,0,A ~ 1,A1 ~ 1,0.502,C A
job_1,1,362,gold ; MVN-CC-ours ; Am-ours,OLS,(Intercept),1000,5,100,norm,1B,Am-ours,0.0566760223264678,-0.120943469271957,0.234295513924893,0.35523898319685,,0,A ~ 1,A1 ~ 1,0.502,C A
job_1,1,363,gold ; MVN-CC-ours ; Am-ours,OLS,(Intercept),1000,5,100,norm,1B,gold,0.168099652034814,0.0298333351740122,0.306365968895615,0.276532633721603,,0,A ~ 1,A1 ~ 1,0.514,C A
job_1,1,363,gold ; MVN-CC-ours ; Am-ours,OLS,(Intercept),1000,5,100,norm,1B,MVN-CC-ours,0.149480606077615,-0.111270546449169,0.410231758604398,0.521502305053567,,0,A ~ 1,A1 ~ 1,0.514,C A
job_1,1,363,gold ; MVN-CC-ours ; Am-ours,OLS,(Intercept),1000,5,100,norm,1B,Am-ours,0.0935529991501375,-0.0752459247710963,0.262351923071371,0.337597847842468,,0,A ~ 1,A1 ~ 1,0.514,C A
job_1,1,364,gold ; MVN-CC-ours ; Am-ours,OLS,(Intercept),1000,5,100,norm,1B,gold,0.069815932032322,-0.0695165064557817,0.209148370520426,0.278664876976208,,0,A ~ 1,A1 ~ 1,0.505,C A
job_1,1,364,gold ; MVN-CC-ours ; Am-ours,OLS,(Intercept),1000,5,100,norm,1B,MVN-CC-ours,0.133461038611584,-0.0620769333225745,0.328999010545741,0.391075943868316,,0,A ~ 1,A1 ~ 1,0.505,C A
job_1,1,364,gold ; MVN-CC-ours ; Am-ours,OLS,(Intercept),1000,5,100,norm,1B,Am-ours,0.219813420501201,0.0213819097043574,0.418244931298045,0.396863021593687,,0,A ~ 1,A1 ~ 1,0.505,C A
job_1,1,365,gold ; MVN-CC-ours ; Am-ours,OLS,(Intercept),1000,5,100,norm,1B,gold,0.00433792378344685,-0.134922950698328,0.143598798265222,0.27852174896355,,0,A ~ 1,A1 ~ 1,0.504,C A
job_1,1,365,gold ; MVN-CC-ours ; Am-ours,OLS,(Intercept),1000,5,100,norm,1B,MVN-CC-ours,-0.0918146979070305,-0.272955572496478,0.0893261766824169,0.362281749178895,,0,A ~ 1,A1 ~ 1,0.504,C A
job_1,1,365,gold ; MVN-CC-ours ; Am-ours,OLS,(Intercept),1000,5,100,norm,1B,Am-ours,-0.077791980012992,-0.242871382211073,0.087287422185089,0.330158804396162,,0,A ~ 1,A1 ~ 1,0.504,C A
job_1,1,366,gold ; MVN-CC-ours ; Am-ours,OLS,(Intercept),1000,5,100,norm,1B,gold,-0.141409454484321,-0.277283539113644,-0.00553536985499767,0.271748169258646,,0,A ~ 1,A1 ~ 1,0.535,C A
job_1,1,366,gold ; MVN-CC-ours ; Am-ours,OLS,(Intercept),1000,5,100,norm,1B,MVN-CC-ours,0.0434256652742692,-0.0980142204199324,0.184865550968471,0.282879771388403,,0,A ~ 1,A1 ~ 1,0.535,C A
job_1,1,366,gold ; MVN-CC-ours ; Am-ours,OLS,(Intercept),1000,5,100,norm,1B,Am-ours,-0.056311962759448,-0.224851199109365,0.112227273590469,0.337078472699833,,0,A ~ 1,A1 ~ 1,0.535,C A
job_1,1,367,gold ; MVN-CC-ours ; Am-ours,OLS,(Intercept),1000,5,100,norm,1B,gold,-0.168046081949336,-0.306102794297013,-0.0299893696016584,0.276113424695355,,0,A ~ 1,A1 ~ 1,0.489,C A
job_1,1,367,gold ; MVN-CC-ours ; Am-ours,OLS,(Intercept),1000,5,100,norm,1B,MVN-CC-ours,-0.230052491087701,-0.391660727592249,-0.0684442545831537,0.323216473009095,,0,A ~ 1,A1 ~ 1,0.489,C A
job_1,1,367,gold ; MVN-CC-ours ; Am-ours,OLS,(Intercept),1000,5,100,norm,1B,Am-ours,-0.36633586055463,-0.51457136935164,-0.21810035175762,0.29647101759402,,0,A ~ 1,A1 ~ 1,0.489,C A
job_1,1,368,gold ; MVN-CC-ours ; Am-ours,OLS,(Intercept),1000,5,100,norm,1B,gold,0.0461827035384012,-0.0900154739065796,0.182380880983382,0.272396354889961,,0,A ~ 1,A1 ~ 1,0.485,C A
job_1,1,368,gold ; MVN-CC-ours ; Am-ours,OLS,(Intercept),1000,5,100,norm,1B,MVN-CC-ours,0.0129974640691631,-0.160901216800075,0.186896144938401,0.347797361738476,,0,A ~ 1,A1 ~ 1,0.485,C A
job_1,1,368,gold ; MVN-CC-ours ; Am-ours,OLS,(Intercept),1000,5,100,norm,1B,Am-ours,0.00972122365796378,-0.206662098792133,0.226104546108061,0.432766644900194,,0,A ~ 1,A1 ~ 1,0.485,C A
job_1,1,369,gold ; MVN-CC-ours ; Am-ours,OLS,(Intercept),1000,5,100,norm,1B,gold,-0.0652820473456894,-0.198805119505376,0.0682410248139977,0.267046144319374,,0,A ~ 1,A1 ~ 1,0.514,C A
job_1,1,369,gold ; MVN-CC-ours ; Am-ours,OLS,(Intercept),1000,5,100,norm,1B,MVN-CC-ours,-0.0940871471957248,-0.300300517034,0.11212622264255,0.41242673967655,,0,A ~ 1,A1 ~ 1,0.514,C A
job_1,1,369,gold ; MVN-CC-ours ; Am-ours,OLS,(Intercept),1000,5,100,norm,1B,Am-ours,-0.0672188784079233,-0.295990483252309,0.161552726436462,0.457543209688771,,0,A ~ 1,A1 ~ 1,0.514,C A
job_1,1,370,gold ; MVN-CC-ours ; Am-ours,OLS,(Intercept),1000,5,100,norm,1B,gold,0.0051374996924518,-0.13307226120109,0.143347260585994,0.276419521787084,,0,A ~ 1,A1 ~ 1,0.5,C A
job_1,1,370,gold ; MVN-CC-ours ; Am-ours,OLS,(Intercept),1000,5,100,norm,1B,MVN-CC-ours,0.043476596819743,-0.121524840768022,0.208478034407508,0.33000287517553,,0,A ~ 1,A1 ~ 1,0.5,C A
job_1,1,370,gold ; MVN-CC-ours ; Am-ours,OLS,(Intercept),1000,5,100,norm,1B,Am-ours,0.0271300307809904,-0.285198841506289,0.339458903068269,0.624657744574558,,0,A ~ 1,A1 ~ 1,0.5,C A
job_1,1,371,gold ; MVN-CC-ours ; Am-ours,OLS,(Intercept),1000,5,100,norm,1B,gold,-0.0573640106193407,-0.193161722475729,0.0784337012370476,0.271595423712777,,0,A ~ 1,A1 ~ 1,0.495,C A
job_1,1,371,gold ; MVN-CC-ours ; Am-ours,OLS,(Intercept),1000,5,100,norm,1B,MVN-CC-ours,-0.0914078177002245,-0.281565728995246,0.0987500935947966,0.380315822590042,,0,A ~ 1,A1 ~ 1,0.495,C A
job_1,1,371,gold ; MVN-CC-ours ; Am-ours,OLS,(Intercept),1000,5,100,norm,1B,Am-ours,-0.0883267591325573,-0.308639187998073,0.131985669732958,0.44062485773103,,0,A ~ 1,A1 ~ 1,0.495,C A
job_1,1,372,gold ; MVN-CC-ours ; Am-ours,OLS,(Intercept),1000,5,100,norm,1B,gold,0.0578057716853916,-0.075063709676178,0.190675253046961,0.265738962723139,,0,A ~ 1,A1 ~ 1,0.472,C A
job_1,1,372,gold ; MVN-CC-ours ; Am-ours,OLS,(Intercept),1000,5,100,norm,1B,MVN-CC-ours,-0.0561362957855143,-0.224584262984086,0.112311671413057,0.336895934397143,,0,A ~ 1,A1 ~ 1,0.472,C A
job_1,1,372,gold ; MVN-CC-ours ; Am-ours,OLS,(Intercept),1000,5,100,norm,1B,Am-ours,-0.0649707364153473,-0.218815120509471,0.0888736476787765,0.307688768188248,,0,A ~ 1,A1 ~ 1,0.472,C A
job_1,1,373,gold ; MVN-CC-ours ; Am-ours,OLS,(Intercept),1000,5,100,norm,1B,gold,-0.0160223126781311,-0.153943688838109,0.121899063481847,0.275842752319957,,0,A ~ 1,A1 ~ 1,0.501,C A
job_1,1,373,gold ; MVN-CC-ours ; Am-ours,OLS,(Intercept),1000,5,100,norm,1B,MVN-CC-ours,-0.035639360995514,-0.278772375917579,0.207493653926551,0.486266029844131,,0,A ~ 1,A1 ~ 1,0.501,C A
job_1,1,373,gold ; MVN-CC-ours ; Am-ours,OLS,(Intercept),1000,5,100,norm,1B,Am-ours,0.0434432624312702,-0.159024041399185,0.245910566261725,0.40493460766091,,0,A ~ 1,A1 ~ 1,0.501,C A
job_1,1,374,gold ; MVN-CC-ours ; Am-ours,OLS,(Intercept),1000,5,100,norm,1B,gold,-0.182704360599677,-0.314214209030444,-0.0511945121689104,0.263019696861533,,0,A ~ 1,A1 ~ 1,0.484,C A
job_1,1,374,gold ; MVN-CC-ours ; Am-ours,OLS,(Intercept),1000,5,100,norm,1B,MVN-CC-ours,-0.165999208123049,-0.43556929865037,0.103570882404272,0.539140181054641,,0,A ~ 1,A1 ~ 1,0.484,C A
job_1,1,374,gold ; MVN-CC-ours ; Am-ours,OLS,(Intercept),1000,5,100,norm,1B,Am-ours,-0.0988534375993761,-0.373245835139841,0.175538959941089,0.548784795080931,,0,A ~ 1,A1 ~ 1,0.484,C A
job_1,1,375,gold ; MVN-CC-ours ; Am-ours,OLS,(Intercept),1000,5,100,norm,1B,gold,0.0569590143145297,-0.0791513755064348,0.193069404135494,0.272220779641929,,0,A ~ 1,A1 ~ 1,0.502,C A
job_1,1,375,gold ; MVN-CC-ours ; Am-ours,OLS,(Intercept),1000,5,100,norm,1B,MVN-CC-ours,0.0143229893538095,-0.22341113169023,0.252057110397849,0.475468242088079,,0,A ~ 1,A1 ~ 1,0.502,C A
job_1,1,375,gold ; MVN-CC-ours ; Am-ours,OLS,(Intercept),1000,5,100,norm,1B,Am-ours,0.0348914563569321,-0.129460095287455,0.19924300800132,0.328703103288775,,0,A ~ 1,A1 ~ 1,0.502,C A
job_1,1,376,gold ; MVN-CC-ours ; Am-ours,OLS,(Intercept),1000,5,100,norm,1B,gold,0.0641389291148632,-0.0779783085123312,0.206256166742058,0.284234475254389,,0,A ~ 1,A1 ~ 1,0.508,C A
job_1,1,376,gold ; MVN-CC-ours ; Am-ours,OLS,(Intercept),1000,5,100,norm,1B,MVN-CC-ours,0.0396509778697874,-0.198952536962506,0.278254492702081,0.477207029664587,,0,A ~ 1,A1 ~ 1,0.508,C A
job_1,1,376,gold ; MVN-CC-ours ; Am-ours,OLS,(Intercept),1000,5,100,norm,1B,Am-ours,-0.0173546229678952,-0.249408144972028,0.214698899036238,0.464107044008266,,0,A ~ 1,A1 ~ 1,0.508,C A
job_1,1,377,gold ; MVN-CC-ours ; Am-ours,OLS,(Intercept),1000,5,100,norm,1B,gold,0.106044441406536,-0.0274668372636826,0.239555720076755,0.267022557340438,,0,A ~ 1,A1 ~ 1,0.489,C A
job_1,1,377,gold ; MVN-CC-ours ; Am-ours,OLS,(Intercept),1000,5,100,norm,1B,MVN-CC-ours,0.118638874551751,-0.167861249883729,0.405138998987232,0.573000248870961,,0,A ~ 1,A1 ~ 1,0.489,C A
job_1,1,377,gold ; MVN-CC-ours ; Am-ours,OLS,(Intercept),1000,5,100,norm,1B,Am-ours,0.117254007489759,-0.104048542575105,0.338556557554623,0.442605100129729,,0,A ~ 1,A1 ~ 1,0.489,C A
job_1,1,378,gold ; MVN-CC-ours ; Am-ours,OLS,(Intercept),1000,5,100,norm,1B,gold,0.0559300221678654,-0.0827880182344882,0.194648062570219,0.277436080804707,,0,A ~ 1,A1 ~ 1,0.483,C A
job_1,1,378,gold ; MVN-CC-ours ; Am-ours,OLS,(Intercept),1000,5,100,norm,1B,MVN-CC-ours,0.130899146514804,-0.0162643237391097,0.278062616768718,0.294326940507828,,0,A ~ 1,A1 ~ 1,0.483,C A
job_1,1,378,gold ; MVN-CC-ours ; Am-ours,OLS,(Intercept),1000,5,100,norm,1B,Am-ours,0.163919908880873,-0.194818571420598,0.522658389182344,0.717476960602942,,0,A ~ 1,A1 ~ 1,0.483,C A
job_1,1,379,gold ; MVN-CC-ours ; Am-ours,OLS,(Intercept),1000,5,100,norm,1B,gold,-0.103884545702217,-0.240526931085919,0.0327578396814851,0.273284770767404,,0,A ~ 1,A1 ~ 1,0.495,C A
job_1,1,379,gold ; MVN-CC-ours ; Am-ours,OLS,(Intercept),1000,5,100,norm,1B,MVN-CC-ours,-0.0133038578039782,-0.262937346380782,0.236329630772825,0.499266977153607,,0,A ~ 1,A1 ~ 1,0.495,C A
job_1,1,379,gold ; MVN-CC-ours ; Am-ours,OLS,(Intercept),1000,5,100,norm,1B,Am-ours,-0.079245346324434,-0.345639120623776,0.187148427974908,0.532787548598684,,0,A ~ 1,A1 ~ 1,0.495,C A
job_1,1,380,gold ; MVN-CC-ours ; Am-ours,OLS,(Intercept),1000,5,100,norm,1B,gold,0.0704300368768753,-0.067797917044726,0.208657990798477,0.276455907843203,,0,A ~ 1,A1 ~ 1,0.477,C A
job_1,1,380,gold ; MVN-CC-ours ; Am-ours,OLS,(Intercept),1000,5,100,norm,1B,MVN-CC-ours,0.0980480852763635,-0.138990394237023,0.33508656478975,0.474076959026773,,0,A ~ 1,A1 ~ 1,0.477,C A
job_1,1,380,gold ; MVN-CC-ours ; Am-ours,OLS,(Intercept),1000,5,100,norm,1B,Am-ours,0.0817976144670259,-0.125858168981714,0.289453397915765,0.415311566897479,,0,A ~ 1,A1 ~ 1,0.477,C A
job_1,1,381,gold ; MVN-CC-ours ; Am-ours,OLS,(Intercept),1000,5,100,norm,1B,gold,-0.0831621539432467,-0.216500391867659,0.0501760839811651,0.266676475848824,,0,A ~ 1,A1 ~ 1,0.496,C A
job_1,1,381,gold ; MVN-CC-ours ; Am-ours,OLS,(Intercept),1000,5,100,norm,1B,MVN-CC-ours,-0.0235848268069613,-0.279724111294832,0.232554457680909,0.512278568975741,,0,A ~ 1,A1 ~ 1,0.496,C A
job_1,1,381,gold ; MVN-CC-ours ; Am-ours,OLS,(Intercept),1000,5,100,norm,1B,Am-ours,0.0209902793770334,-0.229729994466653,0.271710553220719,0.501440547687372,,0,A ~ 1,A1 ~ 1,0.496,C A
job_1,1,382,gold ; MVN-CC-ours ; Am-ours,OLS,(Intercept),1000,5,100,norm,1B,gold,0.112026273656285,-0.0256398682044146,0.249692415516985,0.275332283721399,,0,A ~ 1,A1 ~ 1,0.495,C A
job_1,1,382,gold ; MVN-CC-ours ; Am-ours,OLS,(Intercept),1000,5,100,norm,1B,MVN-CC-ours,0.0643584597216673,-0.0796695416909333,0.208386461134268,0.288056002825201,,0,A ~ 1,A1 ~ 1,0.495,C A
job_1,1,382,gold ; MVN-CC-ours ; Am-ours,OLS,(Intercept),1000,5,100,norm,1B,Am-ours,0.0368599743876433,-0.125364663303769,0.199084612079055,0.324449275382824,,0,A ~ 1,A1 ~ 1,0.495,C A
job_1,1,383,gold ; MVN-CC-ours ; Am-ours,OLS,(Intercept),1000,5,100,norm,1B,gold,0.0156906285431914,-0.120631565401484,0.152012822487867,0.272644387889351,,0,A ~ 1,A1 ~ 1,0.482,C A
job_1,1,383,gold ; MVN-CC-ours ; Am-ours,OLS,(Intercept),1000,5,100,norm,1B,MVN-CC-ours,-0.028299266310874,-0.203322504957607,0.146723972335859,0.350046477293466,,0,A ~ 1,A1 ~ 1,0.482,C A
job_1,1,383,gold ; MVN-CC-ours ; Am-ours,OLS,(Intercept),1000,5,100,norm,1B,Am-ours,-0.0278996777246617,-0.172131456043464,0.11633210059414,0.288463556637604,,0,A ~ 1,A1 ~ 1,0.482,C A
job_1,1,384,gold ; MVN-CC-ours ; Am-ours,OLS,(Intercept),1000,5,100,norm,1B,gold,-0.0390640836301114,-0.181607731861871,0.103479564601648,0.285087296463519,,0,A ~ 1,A1 ~ 1,0.509,C A
job_1,1,384,gold ; MVN-CC-ours ; Am-ours,OLS,(Intercept),1000,5,100,norm,1B,MVN-CC-ours,-0.203546284862536,-0.361464905601529,-0.0456276641235424,0.315837241477987,,0,A ~ 1,A1 ~ 1,0.509,C A
job_1,1,384,gold ; MVN-CC-ours ; Am-ours,OLS,(Intercept),1000,5,100,norm,1B,Am-ours,-0.181174026083316,-0.348084200548051,-0.0142638516185807,0.333820348929471,,0,A ~ 1,A1 ~ 1,0.509,C A
job_1,1,385,gold ; MVN-CC-ours ; Am-ours,OLS,(Intercept),1000,5,100,norm,1B,gold,0.113641431703504,-0.0213023408115126,0.24858520421852,0.269887545030032,,0,A ~ 1,A1 ~ 1,0.524,C A
job_1,1,385,gold ; MVN-CC-ours ; Am-ours,OLS,(Intercept),1000,5,100,norm,1B,MVN-CC-ours,0.271279124960449,0.104534125799086,0.438024124121812,0.333489998322726,,0,A ~ 1,A1 ~ 1,0.524,C A
job_1,1,385,gold ; MVN-CC-ours ; Am-ours,OLS,(Intercept),1000,5,100,norm,1B,Am-ours,0.258608584733765,0.083045874844261,0.434171294623268,0.351125419779007,,0,A ~ 1,A1 ~ 1,0.524,C A
job_1,1,386,gold ; MVN-CC-ours ; Am-ours,OLS,(Intercept),1000,5,100,norm,1B,gold,0.0613433689842729,-0.0825920452625323,0.205278783231078,0.28787082849361,,0,A ~ 1,A1 ~ 1,0.465,C A
job_1,1,386,gold ; MVN-CC-ours ; Am-ours,OLS,(Intercept),1000,5,100,norm,1B,MVN-CC-ours,0.02998578794013,-0.18994399724339,0.24991557312365,0.43985957036704,,0,A ~ 1,A1 ~ 1,0.465,C A
job_1,1,386,gold ; MVN-CC-ours ; Am-ours,OLS,(Intercept),1000,5,100,norm,1B,Am-ours,0.0861050967820102,-0.118150224152271,0.290360417716291,0.408510641868562,,0,A ~ 1,A1 ~ 1,0.465,C A
job_1,1,387,gold ; MVN-CC-ours ; Am-ours,OLS,(Intercept),1000,5,100,norm,1B,gold,-0.0782164430887025,-0.215370689890944,0.0589378037135386,0.274308493604482,,0,A ~ 1,A1 ~ 1,0.495,C A
job_1,1,387,gold ; MVN-CC-ours ; Am-ours,OLS,(Intercept),1000,5,100,norm,1B,MVN-CC-ours,-0.0486600051802848,-0.260599682075061,0.163279671714491,0.423879353789552,,0,A ~ 1,A1 ~ 1,0.495,C A
job_1,1,387,gold ; MVN-CC-ours ; Am-ours,OLS,(Intercept),1000,5,100,norm,1B,Am-ours,-0.0941590517481226,-0.273619122293576,0.0853010187973305,0.358920141090906,,0,A ~ 1,A1 ~ 1,0.495,C A
job_1,1,388,gold ; MVN-CC-ours ; Am-ours,OLS,(Intercept),1000,5,100,norm,1B,gold,-0.0548168595514869,-0.19158461336597,0.0819508942629964,0.273535507628967,,0,A ~ 1,A1 ~ 1,0.475,C A
job_1,1,388,gold ; MVN-CC-ours ; Am-ours,OLS,(Intercept),1000,5,100,norm,1B,MVN-CC-ours,0.0243305412770839,-0.155709534030023,0.204370616584191,0.360080150614214,,0,A ~ 1,A1 ~ 1,0.475,C A
job_1,1,388,gold ; MVN-CC-ours ; Am-ours,OLS,(Intercept),1000,5,100,norm,1B,Am-ours,-0.0235233715274357,-0.324255415912579,0.277208672857708,0.601464088770287,,0,A ~ 1,A1 ~ 1,0.475,C A
job_1,1,389,gold ; MVN-CC-ours ; Am-ours,OLS,(Intercept),1000,5,100,norm,1B,gold,0.115170975984489,-0.0236066967516997,0.253948648720678,0.277555345472378,,0,A ~ 1,A1 ~ 1,0.48,C A
job_1,1,389,gold ; MVN-CC-ours ; Am-ours,OLS,(Intercept),1000,5,100,norm,1B,MVN-CC-ours,0.12563930719322,-0.0911115340174301,0.34239014840387,0.4335016824213,,0,A ~ 1,A1 ~ 1,0.48,C A
job_1,1,389,gold ; MVN-CC-ours ; Am-ours,OLS,(Intercept),1000,5,100,norm,1B,Am-ours,0.0820582974644694,-0.126429624302609,0.290546219231548,0.416975843534157,,0,A ~ 1,A1 ~ 1,0.48,C A
job_1,1,390,gold ; MVN-CC-ours ; Am-ours,OLS,(Intercept),1000,5,100,norm,1B,gold,-0.0257901909695241,-0.164659725300552,0.113079343361504,0.277739068662056,,0,A ~ 1,A1 ~ 1,0.509,C A
job_1,1,390,gold ; MVN-CC-ours ; Am-ours,OLS,(Intercept),1000,5,100,norm,1B,MVN-CC-ours,-0.0125824115469146,-0.203199746497742,0.178034923403913,0.381234669901654,,0,A ~ 1,A1 ~ 1,0.509,C A
job_1,1,390,gold ; MVN-CC-ours ; Am-ours,OLS,(Intercept),1000,5,100,norm,1B,Am-ours,-0.0167413688417576,-0.188482235188826,0.15499949750531,0.343481732694136,,0,A ~ 1,A1 ~ 1,0.509,C A
job_1,1,391,gold ; MVN-CC-ours ; Am-ours,OLS,(Intercept),1000,5,100,norm,1B,gold,0.0584291723183256,-0.0803514915825716,0.197209836219223,0.277561327801794,,0,A ~ 1,A1 ~ 1,0.494,C A
job_1,1,391,gold ; MVN-CC-ours ; Am-ours,OLS,(Intercept),1000,5,100,norm,1B,MVN-CC-ours,0.0886533238499133,-0.065167642663694,0.242474290363521,0.307641933027215,,0,A ~ 1,A1 ~ 1,0.494,C A
job_1,1,391,gold ; MVN-CC-ours ; Am-ours,OLS,(Intercept),1000,5,100,norm,1B,Am-ours,0.0959323485913816,-0.109790422869115,0.301655120051878,0.411445542920993,,0,A ~ 1,A1 ~ 1,0.494,C A
job_1,1,392,gold ; MVN-CC-ours ; Am-ours,OLS,(Intercept),1000,5,100,norm,1B,gold,-0.0373081780387428,-0.180364793810711,0.105748437733225,0.286113231543936,,0,A ~ 1,A1 ~ 1,0.476,C A
job_1,1,392,gold ; MVN-CC-ours ; Am-ours,OLS,(Intercept),1000,5,100,norm,1B,MVN-CC-ours,-0.0835484690417402,-0.345734671964931,0.178637733881451,0.524372405846382,,0,A ~ 1,A1 ~ 1,0.476,C A
job_1,1,392,gold ; MVN-CC-ours ; Am-ours,OLS,(Intercept),1000,5,100,norm,1B,Am-ours,-0.0649785331351736,-0.320986243155365,0.191029176885018,0.512015420040383,,0,A ~ 1,A1 ~ 1,0.476,C A
job_1,1,393,gold ; MVN-CC-ours ; Am-ours,OLS,(Intercept),1000,5,100,norm,1B,gold,0.00647396923769399,-0.132286204868043,0.145234143343431,0.277520348211474,,0,A ~ 1,A1 ~ 1,0.472,C A
job_1,1,393,gold ; MVN-CC-ours ; Am-ours,OLS,(Intercept),1000,5,100,norm,1B,MVN-CC-ours,0.0161985263404465,-0.25843639225997,0.290833444940863,0.549269837200833,,0,A ~ 1,A1 ~ 1,0.472,C A
job_1,1,393,gold ; MVN-CC-ours ; Am-ours,OLS,(Intercept),1000,5,100,norm,1B,Am-ours,0.045128621226379,-0.09351212051523,0.183769362967988,0.277281483483218,,0,A ~ 1,A1 ~ 1,0.472,C A
job_1,1,394,gold ; MVN-CC-ours ; Am-ours,OLS,(Intercept),1000,5,100,norm,1B,gold,0.0336808306371698,-0.10543108190495,0.17279274317929,0.27822382508424,,0,A ~ 1,A1 ~ 1,0.485,C A
job_1,1,394,gold ; MVN-CC-ours ; Am-ours,OLS,(Intercept),1000,5,100,norm,1B,MVN-CC-ours,0.139562965286437,-0.126932740822249,0.406058671395124,0.532991412217373,,0,A ~ 1,A1 ~ 1,0.485,C A
job_1,1,394,gold ; MVN-CC-ours ; Am-ours,OLS,(Intercept),1000,5,100,norm,1B,Am-ours,0.172881458506154,-0.00958953170302226,0.355352448715331,0.364941980418353,,0,A ~ 1,A1 ~ 1,0.485,C A
job_1,1,395,gold ; MVN-CC-ours ; Am-ours,OLS,(Intercept),1000,5,100,norm,1B,gold,-0.0506993184774356,-0.186877631019586,0.0854789940647146,0.272356625084301,,0,A ~ 1,A1 ~ 1,0.51,C A
job_1,1,395,gold ; MVN-CC-ours ; Am-ours,OLS,(Intercept),1000,5,100,norm,1B,MVN-CC-ours,0.068679523414641,-0.119342451855746,0.256701498685028,0.376043950540774,,0,A ~ 1,A1 ~ 1,0.51,C A
job_1,1,395,gold ; MVN-CC-ours ; Am-ours,OLS,(Intercept),1000,5,100,norm,1B,Am-ours,0.0675745991935416,-0.151023951188935,0.286173149576019,0.437197100764954,,0,A ~ 1,A1 ~ 1,0.51,C A
job_1,1,396,gold ; MVN-CC-ours ; Am-ours,OLS,(Intercept),1000,5,100,norm,1B,gold,-0.000777906348074455,-0.138982642013534,0.137426829317385,0.276409471330918,,0,A ~ 1,A1 ~ 1,0.506,C A
job_1,1,396,gold ; MVN-CC-ours ; Am-ours,OLS,(Intercept),1000,5,100,norm,1B,MVN-CC-ours,-0.131234494442587,-0.37730105716589,0.114832068280716,0.492133125446606,,0,A ~ 1,A1 ~ 1,0.506,C A
job_1,1,396,gold ; MVN-CC-ours ; Am-ours,OLS,(Intercept),1000,5,100,norm,1B,Am-ours,-0.0370742775654278,-0.248231790718501,0.174083235587645,0.422315026306146,,0,A ~ 1,A1 ~ 1,0.506,C A
job_1,1,397,gold ; MVN-CC-ours ; Am-ours,OLS,(Intercept),1000,5,100,norm,1B,gold,-0.0460813079088664,-0.187593867107649,0.0954312512899159,0.283025118397565,,0,A ~ 1,A1 ~ 1,0.524,C A
job_1,1,397,gold ; MVN-CC-ours ; Am-ours,OLS,(Intercept),1000,5,100,norm,1B,MVN-CC-ours,-0.141273498150498,-0.307186171911876,0.0246391756108814,0.331825347522758,,0,A ~ 1,A1 ~ 1,0.524,C A
job_1,1,397,gold ; MVN-CC-ours ; Am-ours,OLS,(Intercept),1000,5,100,norm,1B,Am-ours,-0.150016339726308,-0.357767901806874,0.0577352223542572,0.415503124161131,,0,A ~ 1,A1 ~ 1,0.524,C A
job_1,1,398,gold ; MVN-CC-ours ; Am-ours,OLS,(Intercept),1000,5,100,norm,1B,gold,-0.0242988877988161,-0.167361868447576,0.118764092849944,0.28612596129752,,0,A ~ 1,A1 ~ 1,0.51,C A
job_1,1,398,gold ; MVN-CC-ours ; Am-ours,OLS,(Intercept),1000,5,100,norm,1B,MVN-CC-ours,-0.101423667119587,-0.45875555239903,0.255908218159857,0.714663770558887,,0,A ~ 1,A1 ~ 1,0.51,C A
job_1,1,398,gold ; MVN-CC-ours ; Am-ours,OLS,(Intercept),1000,5,100,norm,1B,Am-ours,-0.0434153275799233,-0.224978179284999,0.138147524125152,0.363125703410151,,0,A ~ 1,A1 ~ 1,0.51,C A
job_1,1,399,gold ; MVN-CC-ours ; Am-ours,OLS,(Intercept),1000,5,100,norm,1B,gold,-0.0765249355541653,-0.211403410911955,0.0583535398036242,0.269756950715579,,0,A ~ 1,A1 ~ 1,0.475,C A
job_1,1,399,gold ; MVN-CC-ours ; Am-ours,OLS,(Intercept),1000,5,100,norm,1B,MVN-CC-ours,0.0166718760996646,-0.308860090881717,0.342203843081046,0.651063933962763,,0,A ~ 1,A1 ~ 1,0.475,C A
job_1,1,399,gold ; MVN-CC-ours ; Am-ours,OLS,(Intercept),1000,5,100,norm,1B,Am-ours,-0.0120754994534311,-0.150232818960804,0.126081820053942,0.276314639014745,,0,A ~ 1,A1 ~ 1,0.475,C A
job_1,1,400,gold ; MVN-CC-ours ; Am-ours,OLS,(Intercept),1000,5,100,norm,1B,gold,0.0162410401278643,-0.119349380010595,0.151831460266324,0.271180840276919,,0,A ~ 1,A1 ~ 1,0.502,C A
job_1,1,400,gold ; MVN-CC-ours ; Am-ours,OLS,(Intercept),1000,5,100,norm,1B,MVN-CC-ours,0.0269852834914375,-0.266238261166352,0.320208828149227,0.586447089315578,,0,A ~ 1,A1 ~ 1,0.502,C A
job_1,1,400,gold ; MVN-CC-ours ; Am-ours,OLS,(Intercept),1000,5,100,norm,1B,Am-ours,0.000116836276144811,-0.286381786584068,0.286615459136358,0.572997245720426,,0,A ~ 1,A1 ~ 1,0.502,C A
job_1,1,401,gold ; MVN-CC-ours ; Am-ours,OLS,(Intercept),1000,5,100,norm,1B,gold,-0.0440156427627779,-0.18220022504219,0.0941689395166339,0.276369164558823,,0,A ~ 1,A1 ~ 1,0.513,C A
job_1,1,401,gold ; MVN-CC-ours ; Am-ours,OLS,(Intercept),1000,5,100,norm,1B,MVN-CC-ours,-0.177261450261619,-0.376065587608039,0.0215426870848001,0.397608274692839,,0,A ~ 1,A1 ~ 1,0.513,C A
job_1,1,401,gold ; MVN-CC-ours ; Am-ours,OLS,(Intercept),1000,5,100,norm,1B,Am-ours,-0.170343068003017,-0.463928626804464,0.12324249079843,0.587171117602894,,0,A ~ 1,A1 ~ 1,0.513,C A
job_1,1,402,gold ; MVN-CC-ours ; Am-ours,OLS,(Intercept),1000,5,100,norm,1B,gold,-0.0703916048887721,-0.208564506041305,0.0677812962637612,0.276345802305066,,0,A ~ 1,A1 ~ 1,0.492,C A
job_1,1,402,gold ; MVN-CC-ours ; Am-ours,OLS,(Intercept),1000,5,100,norm,1B,MVN-CC-ours,0.0598737260417627,-0.1869514153006,0.306698867384125,0.493650282684725,,0,A ~ 1,A1 ~ 1,0.492,C A
job_1,1,402,gold ; MVN-CC-ours ; Am-ours,OLS,(Intercept),1000,5,100,norm,1B,Am-ours,-0.0219562082095839,-0.238063854788143,0.194151438368975,0.432215293157118,,0,A ~ 1,A1 ~ 1,0.492,C A
job_1,1,403,gold ; MVN-CC-ours ; Am-ours,OLS,(Intercept),1000,5,100,norm,1B,gold,0.0489629185482709,-0.0858998444246001,0.183825681521142,0.269725525945742,,0,A ~ 1,A1 ~ 1,0.482,C A
job_1,1,403,gold ; MVN-CC-ours ; Am-ours,OLS,(Intercept),1000,5,100,norm,1B,MVN-CC-ours,0.157146090639843,0.00664850074291182,0.307643680536774,0.300995179793862,,0,A ~ 1,A1 ~ 1,0.482,C A
job_1,1,403,gold ; MVN-CC-ours ; Am-ours,OLS,(Intercept),1000,5,100,norm,1B,Am-ours,0.167898132516012,-0.0631984194575364,0.39899468448956,0.462193103947096,,0,A ~ 1,A1 ~ 1,0.482,C A
job_1,1,404,gold ; MVN-CC-ours ; Am-ours,OLS,(Intercept),1000,5,100,norm,1B,gold,-0.0121364060119871,-0.150586250619844,0.126313438595869,0.276899689215713,,0,A ~ 1,A1 ~ 1,0.503,C A
job_1,1,404,gold ; MVN-CC-ours ; Am-ours,OLS,(Intercept),1000,5,100,norm,1B,MVN-CC-ours,-0.0943268206097005,-0.251455530054244,0.0628018888348434,0.314257418889088,,0,A ~ 1,A1 ~ 1,0.503,C A
job_1,1,404,gold ; MVN-CC-ours ; Am-ours,OLS,(Intercept),1000,5,100,norm,1B,Am-ours,-0.0856856646127765,-0.33466346405328,0.163292134827727,0.497955598881007,,0,A ~ 1,A1 ~ 1,0.503,C A
job_1,1,405,gold ; MVN-CC-ours ; Am-ours,OLS,(Intercept),1000,5,100,norm,1B,gold,-0.0753483241297414,-0.213959218574567,0.0632625703150843,0.277221788889651,,0,A ~ 1,A1 ~ 1,0.533,C A
job_1,1,405,gold ; MVN-CC-ours ; Am-ours,OLS,(Intercept),1000,5,100,norm,1B,MVN-CC-ours,0.116085140876113,-0.104565892756988,0.336736174509213,0.441302067266201,,0,A ~ 1,A1 ~ 1,0.533,C A
job_1,1,405,gold ; MVN-CC-ours ; Am-ours,OLS,(Intercept),1000,5,100,norm,1B,Am-ours,0.152160644810407,-0.128017864172638,0.432339153793453,0.560357017966091,,0,A ~ 1,A1 ~ 1,0.533,C A
job_1,1,406,gold ; MVN-CC-ours ; Am-ours,OLS,(Intercept),1000,5,100,norm,1B,gold,-0.0430764897644736,-0.179675674114986,0.0935226945860389,0.273198368701025,,0,A ~ 1,A1 ~ 1,0.49,C A
job_1,1,406,gold ; MVN-CC-ours ; Am-ours,OLS,(Intercept),1000,5,100,norm,1B,MVN-CC-ours,0.0211263102128837,-0.138303909940958,0.180556530366725,0.318860440307683,,0,A ~ 1,A1 ~ 1,0.49,C A
job_1,1,406,gold ; MVN-CC-ours ; Am-ours,OLS,(Intercept),1000,5,100,norm,1B,Am-ours,-0.0425626003403229,-0.261844328361812,0.176719127681167,0.438563456042979,,0,A ~ 1,A1 ~ 1,0.49,C A
job_1,1,407,gold ; MVN-CC-ours ; Am-ours,OLS,(Intercept),1000,5,100,norm,1B,gold,-0.0130070600858946,-0.152363801784741,0.126349681612951,0.278713483397692,,0,A ~ 1,A1 ~ 1,0.496,C A
job_1,1,407,gold ; MVN-CC-ours ; Am-ours,OLS,(Intercept),1000,5,100,norm,1B,MVN-CC-ours,0.0291199578968955,-0.168588707761095,0.226828623554886,0.39541733131598,,0,A ~ 1,A1 ~ 1,0.496,C A
job_1,1,407,gold ; MVN-CC-ours ; Am-ours,OLS,(Intercept),1000,5,100,norm,1B,Am-ours,0.0850987405512906,-0.276378965738348,0.44657644684093,0.722955412579278,,0,A ~ 1,A1 ~ 1,0.496,C A
job_1,1,408,gold ; MVN-CC-ours ; Am-ours,OLS,(Intercept),1000,5,100,norm,1B,gold,-0.121133672603736,-0.257859274533717,0.0155919293262441,0.273451203859961,,0,A ~ 1,A1 ~ 1,0.506,C A
job_1,1,408,gold ; MVN-CC-ours ; Am-ours,OLS,(Intercept),1000,5,100,norm,1B,MVN-CC-ours,0.0144631708941751,-0.175133658506039,0.20406000029439,0.379193658800429,,0,A ~ 1,A1 ~ 1,0.506,C A
job_1,1,408,gold ; MVN-CC-ours ; Am-ours,OLS,(Intercept),1000,5,100,norm,1B,Am-ours,-0.000229645955955418,-0.244920091718231,0.244460799806321,0.489380891524552,,0,A ~ 1,A1 ~ 1,0.506,C A
job_1,1,409,gold ; MVN-CC-ours ; Am-ours,OLS,(Intercept),1000,5,100,norm,1B,gold,-0.0481635919965866,-0.191131255447565,0.0948040714543915,0.285935326901956,,0,A ~ 1,A1 ~ 1,0.503,C A
job_1,1,409,gold ; MVN-CC-ours ; Am-ours,OLS,(Intercept),1000,5,100,norm,1B,MVN-CC-ours,-0.0654680558870221,-0.23815652430373,0.107220412529686,0.345376936833417,,0,A ~ 1,A1 ~ 1,0.503,C A
job_1,1,409,gold ; MVN-CC-ours ; Am-ours,OLS,(Intercept),1000,5,100,norm,1B,Am-ours,-0.0437853195594746,-0.189540434041375,0.101969794922425,0.2915102289638,,0,A ~ 1,A1 ~ 1,0.503,C A
job_1,1,410,gold ; MVN-CC-ours ; Am-ours,OLS,(Intercept),1000,5,100,norm,1B,gold,-0.0955620217941557,-0.236038347153567,0.0449143035652557,0.280952650718823,,0,A ~ 1,A1 ~ 1,0.49,C A
job_1,1,410,gold ; MVN-CC-ours ; Am-ours,OLS,(Intercept),1000,5,100,norm,1B,MVN-CC-ours,-0.143107276760941,-0.382669121658619,0.0964545681367367,0.479123689795356,,0,A ~ 1,A1 ~ 1,0.49,C A
job_1,1,410,gold ; MVN-CC-ours ; Am-ours,OLS,(Intercept),1000,5,100,norm,1B,Am-ours,-0.0968973421511157,-0.355702465965628,0.161907781663396,0.517610247629024,,0,A ~ 1,A1 ~ 1,0.49,C A
job_1,1,411,gold ; MVN-CC-ours ; Am-ours,OLS,(Intercept),1000,5,100,norm,1B,gold,0.0856820717768403,-0.0610493969810459,0.232413540534726,0.293462937515772,,0,A ~ 1,A1 ~ 1,0.518,C A
job_1,1,411,gold ; MVN-CC-ours ; Am-ours,OLS,(Intercept),1000,5,100,norm,1B,MVN-CC-ours,0.0788032883448784,-0.0937622309100517,0.251368807599809,0.34513103850986,,0,A ~ 1,A1 ~ 1,0.518,C A
job_1,1,411,gold ; MVN-CC-ours ; Am-ours,OLS,(Intercept),1000,5,100,norm,1B,Am-ours,0.11407033551202,-0.110465068845129,0.338605739869169,0.449070808714298,,0,A ~ 1,A1 ~ 1,0.518,C A
job_1,1,412,gold ; MVN-CC-ours ; Am-ours,OLS,(Intercept),1000,5,100,norm,1B,gold,0.070941193321528,-0.0665495830516998,0.208431969694756,0.274981552746456,,0,A ~ 1,A1 ~ 1,0.513,C A
job_1,1,412,gold ; MVN-CC-ours ; Am-ours,OLS,(Intercept),1000,5,100,norm,1B,MVN-CC-ours,0.110948609173796,-0.112784895114171,0.334682113461764,0.447467008575934,,0,A ~ 1,A1 ~ 1,0.513,C A
job_1,1,412,gold ; MVN-CC-ours ; Am-ours,OLS,(Intercept),1000,5,100,norm,1B,Am-ours,0.140359984715657,-0.0836589578685987,0.364378927299913,0.448037885168512,,0,A ~ 1,A1 ~ 1,0.513,C A
job_1,1,413,gold ; MVN-CC-ours ; Am-ours,OLS,(Intercept),1000,5,100,norm,1B,gold,-0.0117008234752829,-0.15270544318125,0.129303796230684,0.282009239411934,,0,A ~ 1,A1 ~ 1,0.515,C A
job_1,1,413,gold ; MVN-CC-ours ; Am-ours,OLS,(Intercept),1000,5,100,norm,1B,MVN-CC-ours,-0.0582894343962024,-0.270236708881607,0.153657840089203,0.42389454897081,,0,A ~ 1,A1 ~ 1,0.515,C A
job_1,1,413,gold ; MVN-CC-ours ; Am-ours,OLS,(Intercept),1000,5,100,norm,1B,Am-ours,-0.0694517697222862,-0.298556406627176,0.159652867182604,0.45820927380978,,0,A ~ 1,A1 ~ 1,0.515,C A
job_1,1,414,gold ; MVN-CC-ours ; Am-ours,OLS,(Intercept),1000,5,100,norm,1B,gold,0.0067291428911441,-0.132954495129492,0.14641278091178,0.279367276041272,,0,A ~ 1,A1 ~ 1,0.488,C A
job_1,1,414,gold ; MVN-CC-ours ; Am-ours,OLS,(Intercept),1000,5,100,norm,1B,MVN-CC-ours,-0.0294497145479825,-0.174333460343391,0.115434031247426,0.289767491590816,,0,A ~ 1,A1 ~ 1,0.488,C A
job_1,1,414,gold ; MVN-CC-ours ; Am-ours,OLS,(Intercept),1000,5,100,norm,1B,Am-ours,0.0302081480913638,-0.264598264733406,0.325014560916133,0.589612825649539,,0,A ~ 1,A1 ~ 1,0.488,C A
job_1,1,415,gold ; MVN-CC-ours ; Am-ours,OLS,(Intercept),1000,5,100,norm,1B,gold,0.118923068020725,-0.0231764340454326,0.261022570086883,0.284199004132315,,0,A ~ 1,A1 ~ 1,0.523,C A
job_1,1,415,gold ; MVN-CC-ours ; Am-ours,OLS,(Intercept),1000,5,100,norm,1B,MVN-CC-ours,0.232979439991831,0.00694271439532493,0.459016165588336,0.452073451193011,,0,A ~ 1,A1 ~ 1,0.523,C A
job_1,1,415,gold ; MVN-CC-ours ; Am-ours,OLS,(Intercept),1000,5,100,norm,1B,Am-ours,0.187099667627216,0.0295042556577193,0.344695079596713,0.315190823938994,,0,A ~ 1,A1 ~ 1,0.523,C A
job_1,1,416,gold ; MVN-CC-ours ; Am-ours,OLS,(Intercept),1000,5,100,norm,1B,gold,0.0498068828910413,-0.0923334434910971,0.19194720927318,0.284280652764277,,0,A ~ 1,A1 ~ 1,0.494,C A
job_1,1,416,gold ; MVN-CC-ours ; Am-ours,OLS,(Intercept),1000,5,100,norm,1B,MVN-CC-ours,0.0305154371493726,-0.122235121186932,0.183265995485677,0.305501116672608,,0,A ~ 1,A1 ~ 1,0.494,C A
job_1,1,416,gold ; MVN-CC-ours ; Am-ours,OLS,(Intercept),1000,5,100,norm,1B,Am-ours,0.0813045588920876,-0.256719358146461,0.419328475930636,0.676047834077098,,0,A ~ 1,A1 ~ 1,0.494,C A
job_1,1,417,gold ; MVN-CC-ours ; Am-ours,OLS,(Intercept),1000,5,100,norm,1B,gold,0.035948457966418,-0.0995427029366515,0.171439618869488,0.270982321806139,,0,A ~ 1,A1 ~ 1,0.489,C A
job_1,1,417,gold ; MVN-CC-ours ; Am-ours,OLS,(Intercept),1000,5,100,norm,1B,MVN-CC-ours,-0.0145578886635454,-0.256206784082228,0.227091006755137,0.483297790837364,,0,A ~ 1,A1 ~ 1,0.489,C A
job_1,1,417,gold ; MVN-CC-ours ; Am-ours,OLS,(Intercept),1000,5,100,norm,1B,Am-ours,-0.038156877258032,-0.26263868184515,0.186324927329086,0.448963609174235,,0,A ~ 1,A1 ~ 1,0.489,C A
job_1,1,418,gold ; MVN-CC-ours ; Am-ours,OLS,(Intercept),1000,5,100,norm,1B,gold,0.0855767479226124,-0.0538940312057026,0.225047527050927,0.27894155825663,,0,A ~ 1,A1 ~ 1,0.5,C A
job_1,1,418,gold ; MVN-CC-ours ; Am-ours,OLS,(Intercept),1000,5,100,norm,1B,MVN-CC-ours,-0.0454926037026588,-0.2313964585959,0.140411251190582,0.371807709786482,,0,A ~ 1,A1 ~ 1,0.5,C A
job_1,1,418,gold ; MVN-CC-ours ; Am-ours,OLS,(Intercept),1000,5,100,norm,1B,Am-ours,-0.0716394233585314,-0.230149414249848,0.0868705675327852,0.317019981782633,,0,A ~ 1,A1 ~ 1,0.5,C A
job_1,1,419,gold ; MVN-CC-ours ; Am-ours,OLS,(Intercept),1000,5,100,norm,1B,gold,-0.0013724442974747,-0.140925306109073,0.138180417514124,0.279105723623197,,0,A ~ 1,A1 ~ 1,0.492,C A
job_1,1,419,gold ; MVN-CC-ours ; Am-ours,OLS,(Intercept),1000,5,100,norm,1B,MVN-CC-ours,-0.0443678926596605,-0.258681310719406,0.169945525400085,0.428626836119491,,0,A ~ 1,A1 ~ 1,0.492,C A
job_1,1,419,gold ; MVN-CC-ours ; Am-ours,OLS,(Intercept),1000,5,100,norm,1B,Am-ours,-0.0211112196726578,-0.376529486555404,0.334307047210089,0.710836533765493,,0,A ~ 1,A1 ~ 1,0.492,C A
job_1,1,420,gold ; MVN-CC-ours ; Am-ours,OLS,(Intercept),1000,5,100,norm,1B,gold,-0.0139217860950926,-0.15356709209027,0.125723519900085,0.279290611990354,,0,A ~ 1,A1 ~ 1,0.498,C A
job_1,1,420,gold ; MVN-CC-ours ; Am-ours,OLS,(Intercept),1000,5,100,norm,1B,MVN-CC-ours,0.0618743542019202,-0.124426929164257,0.248175637568097,0.372602566732354,,0,A ~ 1,A1 ~ 1,0.498,C A
job_1,1,420,gold ; MVN-CC-ours ; Am-ours,OLS,(Intercept),1000,5,100,norm,1B,Am-ours,0.0598695891363043,-0.178636723415259,0.298375901687868,0.477012625103127,,0,A ~ 1,A1 ~ 1,0.498,C A
job_1,1,421,gold ; MVN-CC-ours ; Am-ours,OLS,(Intercept),1000,5,100,norm,1B,gold,-0.0377480007434722,-0.174338975013715,0.0988429735267705,0.273181948540485,,0,A ~ 1,A1 ~ 1,0.483,C A
job_1,1,421,gold ; MVN-CC-ours ; Am-ours,OLS,(Intercept),1000,5,100,norm,1B,MVN-CC-ours,-0.0621007127687591,-0.27969206360639,0.155490638068871,0.435182701675261,,0,A ~ 1,A1 ~ 1,0.483,C A
job_1,1,421,gold ; MVN-CC-ours ; Am-ours,OLS,(Intercept),1000,5,100,norm,1B,Am-ours,0.0186007167564237,-0.33753467091631,0.374736104429158,0.712270775345468,,0,A ~ 1,A1 ~ 1,0.483,C A
job_1,1,422,gold ; MVN-CC-ours ; Am-ours,OLS,(Intercept),1000,5,100,norm,1B,gold,0.0818653684886821,-0.0611226286186918,0.224853365596056,0.285975994214748,,0,A ~ 1,A1 ~ 1,0.501,C A
job_1,1,422,gold ; MVN-CC-ours ; Am-ours,OLS,(Intercept),1000,5,100,norm,1B,MVN-CC-ours,0.0136339247885542,-0.267948115551299,0.295215965128407,0.563164080679706,,0,A ~ 1,A1 ~ 1,0.501,C A
job_1,1,422,gold ; MVN-CC-ours ; Am-ours,OLS,(Intercept),1000,5,100,norm,1B,Am-ours,-0.0176326635856805,-0.265509522317892,0.230244195146531,0.495753717464422,,0,A ~ 1,A1 ~ 1,0.501,C A
job_1,1,423,gold ; MVN-CC-ours ; Am-ours,OLS,(Intercept),1000,5,100,norm,1B,gold,-0.0182223303199771,-0.160908706538646,0.124464045898691,0.285372752437337,,0,A ~ 1,A1 ~ 1,0.506,C A
job_1,1,423,gold ; MVN-CC-ours ; Am-ours,OLS,(Intercept),1000,5,100,norm,1B,MVN-CC-ours,-0.0178590127522574,-0.246619080682184,0.210901055177669,0.457520135859853,,0,A ~ 1,A1 ~ 1,0.506,C A
job_1,1,423,gold ; MVN-CC-ours ; Am-ours,OLS,(Intercept),1000,5,100,norm,1B,Am-ours,0.0189204783995532,-0.21077138179189,0.248612338590997,0.459383720382887,,0,A ~ 1,A1 ~ 1,0.506,C A
job_1,1,424,gold ; MVN-CC-ours ; Am-ours,OLS,(Intercept),1000,5,100,norm,1B,gold,0.0783612737621308,-0.0646718733115441,0.221394420835806,0.28606629414735,,0,A ~ 1,A1 ~ 1,0.492,C A
job_1,1,424,gold ; MVN-CC-ours ; Am-ours,OLS,(Intercept),1000,5,100,norm,1B,MVN-CC-ours,0.124318649703567,-0.0464141308653963,0.295051430272531,0.341465561137928,,0,A ~ 1,A1 ~ 1,0.492,C A
job_1,1,424,gold ; MVN-CC-ours ; Am-ours,OLS,(Intercept),1000,5,100,norm,1B,Am-ours,0.0643041598185323,-0.097225347406404,0.225833667043469,0.323059014449873,,0,A ~ 1,A1 ~ 1,0.492,C A
job_1,1,425,gold ; MVN-CC-ours ; Am-ours,OLS,(Intercept),1000,5,100,norm,1B,gold,0.136424741150569,4.26465135162368e-05,0.272806835787622,0.272764189274106,,0,A ~ 1,A1 ~ 1,0.473,C A
job_1,1,425,gold ; MVN-CC-ours ; Am-ours,OLS,(Intercept),1000,5,100,norm,1B,MVN-CC-ours,0.164016896690028,-0.0520983814054041,0.38013217478546,0.432230556190865,,0,A ~ 1,A1 ~ 1,0.473,C A
job_1,1,425,gold ; MVN-CC-ours ; Am-ours,OLS,(Intercept),1000,5,100,norm,1B,Am-ours,0.0759327019283875,-0.0729551942216292,0.224820598078404,0.297775792300034,,0,A ~ 1,A1 ~ 1,0.473,C A
job_1,1,426,gold ; MVN-CC-ours ; Am-ours,OLS,(Intercept),1000,5,100,norm,1B,gold,0.0235081828675555,-0.108288334299487,0.155304700034598,0.263593034334086,,0,A ~ 1,A1 ~ 1,0.498,C A
job_1,1,426,gold ; MVN-CC-ours ; Am-ours,OLS,(Intercept),1000,5,100,norm,1B,MVN-CC-ours,0.222736763305626,0.0162853928971425,0.429188133714109,0.412902740816966,,0,A ~ 1,A1 ~ 1,0.498,C A
job_1,1,426,gold ; MVN-CC-ours ; Am-ours,OLS,(Intercept),1000,5,100,norm,1B,Am-ours,0.188273713646002,-0.148628986482198,0.525176413774202,0.6738054002564,,0,A ~ 1,A1 ~ 1,0.498,C A
job_1,1,427,gold ; MVN-CC-ours ; Am-ours,OLS,(Intercept),1000,5,100,norm,1B,gold,0.0094756005526251,-0.12181926428736,0.14077046539261,0.26258972967997,,0,A ~ 1,A1 ~ 1,0.513,C A
job_1,1,427,gold ; MVN-CC-ours ; Am-ours,OLS,(Intercept),1000,5,100,norm,1B,MVN-CC-ours,0.00213070165605793,-0.245100862168372,0.249362265480488,0.494463127648859,,0,A ~ 1,A1 ~ 1,0.513,C A
job_1,1,427,gold ; MVN-CC-ours ; Am-ours,OLS,(Intercept),1000,5,100,norm,1B,Am-ours,-0.032818102451695,-0.232116262166314,0.166480057262924,0.398596319429237,,0,A ~ 1,A1 ~ 1,0.513,C A
job_1,1,428,gold ; MVN-CC-ours ; Am-ours,OLS,(Intercept),1000,5,100,norm,1B,gold,0.0540900774196941,-0.0870589269319668,0.195239081771355,0.282298008703322,,0,A ~ 1,A1 ~ 1,0.493,C A
job_1,1,428,gold ; MVN-CC-ours ; Am-ours,OLS,(Intercept),1000,5,100,norm,1B,MVN-CC-ours,-0.123544297979144,-0.373702233658394,0.126613637700106,0.500315871358499,,0,A ~ 1,A1 ~ 1,0.493,C A
job_1,1,428,gold ; MVN-CC-ours ; Am-ours,OLS,(Intercept),1000,5,100,norm,1B,Am-ours,-0.13157933892012,-0.398851113194705,0.135692435354464,0.534543548549169,,0,A ~ 1,A1 ~ 1,0.493,C A
job_1,1,429,gold ; MVN-CC-ours ; Am-ours,OLS,(Intercept),1000,5,100,norm,1B,gold,0.0171750066318405,-0.121634519734084,0.155984532997765,0.277619052731849,,0,A ~ 1,A1 ~ 1,0.508,C A
job_1,1,429,gold ; MVN-CC-ours ; Am-ours,OLS,(Intercept),1000,5,100,norm,1B,MVN-CC-ours,0.0089120703926735,-0.315210059126748,0.333034199912095,0.648244259038844,,0,A ~ 1,A1 ~ 1,0.508,C A
job_1,1,429,gold ; MVN-CC-ours ; Am-ours,OLS,(Intercept),1000,5,100,norm,1B,Am-ours,-0.0651122026301058,-0.355292264565305,0.225067859305093,0.580360123870398,,0,A ~ 1,A1 ~ 1,0.508,C A
job_1,1,430,gold ; MVN-CC-ours ; Am-ours,OLS,(Intercept),1000,5,100,norm,1B,gold,-0.13902473548156,-0.282479890257178,0.00443041929405771,0.286910309551236,,0,A ~ 1,A1 ~ 1,0.496,C A
job_1,1,430,gold ; MVN-CC-ours ; Am-ours,OLS,(Intercept),1000,5,100,norm,1B,MVN-CC-ours,-0.256008047799252,-0.498425733624076,-0.0135903619744277,0.484835371649648,,0,A ~ 1,A1 ~ 1,0.496,C A
job_1,1,430,gold ; MVN-CC-ours ; Am-ours,OLS,(Intercept),1000,5,100,norm,1B,Am-ours,-0.202758416613464,-0.550753347206857,0.145236513979929,0.695989861186786,,0,A ~ 1,A1 ~ 1,0.496,C A
job_1,1,431,gold ; MVN-CC-ours ; Am-ours,OLS,(Intercept),1000,5,100,norm,1B,gold,-0.00179653910605546,-0.143934263842283,0.140341185630172,0.284275449472455,,0,A ~ 1,A1 ~ 1,0.472,C A
job_1,1,431,gold ; MVN-CC-ours ; Am-ours,OLS,(Intercept),1000,5,100,norm,1B,MVN-CC-ours,-0.00402864672377465,-0.273052269603633,0.264994976156083,0.538047245759716,,0,A ~ 1,A1 ~ 1,0.472,C A
job_1,1,431,gold ; MVN-CC-ours ; Am-ours,OLS,(Intercept),1000,5,100,norm,1B,Am-ours,-0.0251825830395722,-0.251718926300023,0.201353760220878,0.453072686520901,,0,A ~ 1,A1 ~ 1,0.472,C A
job_1,1,432,gold ; MVN-CC-ours ; Am-ours,OLS,(Intercept),1000,5,100,norm,1B,gold,-0.00369498468938892,-0.14348231221612,0.136092342837342,0.279574655053463,,0,A ~ 1,A1 ~ 1,0.502,C A
job_1,1,432,gold ; MVN-CC-ours ; Am-ours,OLS,(Intercept),1000,5,100,norm,1B,MVN-CC-ours,-0.0473610848263007,-0.330027507649764,0.235305337997163,0.565332845646927,,0,A ~ 1,A1 ~ 1,0.502,C A
job_1,1,432,gold ; MVN-CC-ours ; Am-ours,OLS,(Intercept),1000,5,100,norm,1B,Am-ours,-0.104828911433407,-0.35511622568779,0.145458402820976,0.500574628508766,,0,A ~ 1,A1 ~ 1,0.502,C A
job_1,1,433,gold ; MVN-CC-ours ; Am-ours,OLS,(Intercept),1000,5,100,norm,1B,gold,-0.128828734191196,-0.270045072449497,0.0123876040671057,0.282432676516603,,0,A ~ 1,A1 ~ 1,0.492,C A
job_1,1,433,gold ; MVN-CC-ours ; Am-ours,OLS,(Intercept),1000,5,100,norm,1B,MVN-CC-ours,-0.198361899144565,-0.441254007858108,0.0445302095689784,0.485784217427086,,0,A ~ 1,A1 ~ 1,0.492,C A
job_1,1,433,gold ; MVN-CC-ours ; Am-ours,OLS,(Intercept),1000,5,100,norm,1B,Am-ours,-0.21340592168422,-0.396064391072675,-0.0307474522957654,0.36531693877691,,0,A ~ 1,A1 ~ 1,0.492,C A
job_1,1,434,gold ; MVN-CC-ours ; Am-ours,OLS,(Intercept),1000,5,100,norm,1B,gold,0.0483661880852736,-0.0910287694782603,0.187761145648807,0.278789915127068,,0,A ~ 1,A1 ~ 1,0.501,C A
job_1,1,434,gold ; MVN-CC-ours ; Am-ours,OLS,(Intercept),1000,5,100,norm,1B,MVN-CC-ours,-0.0313252166609264,-0.245692350886258,0.183041917564405,0.428734268450663,,0,A ~ 1,A1 ~ 1,0.501,C A
job_1,1,434,gold ; MVN-CC-ours ; Am-ours,OLS,(Intercept),1000,5,100,norm,1B,Am-ours,0.017020622932418,-0.160410414103959,0.194451659968795,0.354862074072753,,0,A ~ 1,A1 ~ 1,0.501,C A
job_1,1,435,gold ; MVN-CC-ours ; Am-ours,OLS,(Intercept),1000,5,100,norm,1B,gold,0.0659467051112258,-0.0741736912422367,0.206067101464688,0.280240792706925,,0,A ~ 1,A1 ~ 1,0.523,C A
job_1,1,435,gold ; MVN-CC-ours ; Am-ours,OLS,(Intercept),1000,5,100,norm,1B,MVN-CC-ours,0.203416270140091,-0.0589328929663572,0.465765433246538,0.524698326212896,,0,A ~ 1,A1 ~ 1,0.523,C A
job_1,1,435,gold ; MVN-CC-ours ; Am-ours,OLS,(Intercept),1000,5,100,norm,1B,Am-ours,0.203935256093467,0.0267068360924576,0.381163676094476,0.354456840002018,,0,A ~ 1,A1 ~ 1,0.523,C A
job_1,1,436,gold ; MVN-CC-ours ; Am-ours,OLS,(Intercept),1000,5,100,norm,1B,gold,0.0162084313429662,-0.120067596798347,0.15248445948428,0.272552056282627,,0,A ~ 1,A1 ~ 1,0.508,C A
job_1,1,436,gold ; MVN-CC-ours ; Am-ours,OLS,(Intercept),1000,5,100,norm,1B,MVN-CC-ours,-0.0629709311290716,-0.233429804616293,0.10748794235815,0.340917746974443,,0,A ~ 1,A1 ~ 1,0.508,C A
job_1,1,436,gold ; MVN-CC-ours ; Am-ours,OLS,(Intercept),1000,5,100,norm,1B,Am-ours,-0.0786580462274328,-0.355053098686089,0.197737006231223,0.552790104917312,,0,A ~ 1,A1 ~ 1,0.508,C A
job_1,1,437,gold ; MVN-CC-ours ; Am-ours,OLS,(Intercept),1000,5,100,norm,1B,gold,-0.0317444452700257,-0.171045055101006,0.107556164560954,0.27860121966196,,0,A ~ 1,A1 ~ 1,0.505,C A
job_1,1,437,gold ; MVN-CC-ours ; Am-ours,OLS,(Intercept),1000,5,100,norm,1B,MVN-CC-ours,-0.0283022244931711,-0.218135585455223,0.161531136468881,0.379666721924104,,0,A ~ 1,A1 ~ 1,0.505,C A
job_1,1,437,gold ; MVN-CC-ours ; Am-ours,OLS,(Intercept),1000,5,100,norm,1B,Am-ours,-0.0545744340565277,-0.380264628619161,0.271115760506105,0.651380389125266,,0,A ~ 1,A1 ~ 1,0.505,C A
job_1,1,438,gold ; MVN-CC-ours ; Am-ours,OLS,(Intercept),1000,5,100,norm,1B,gold,0.0655540962720088,-0.0831183874801686,0.214226580024186,0.297344967504355,,0,A ~ 1,A1 ~ 1,0.492,C A
job_1,1,438,gold ; MVN-CC-ours ; Am-ours,OLS,(Intercept),1000,5,100,norm,1B,MVN-CC-ours,0.0522340616978821,-0.144682198518384,0.249150321914148,0.393832520432532,,0,A ~ 1,A1 ~ 1,0.492,C A
job_1,1,438,gold ; MVN-CC-ours ; Am-ours,OLS,(Intercept),1000,5,100,norm,1B,Am-ours,0.0529165822720425,-0.174712950048967,0.280546114593053,0.45525906464202,,0,A ~ 1,A1 ~ 1,0.492,C A
job_1,1,439,gold ; MVN-CC-ours ; Am-ours,OLS,(Intercept),1000,5,100,norm,1B,gold,-0.0699544776292915,-0.207292035720537,0.0673830804619538,0.274675116182491,,0,A ~ 1,A1 ~ 1,0.506,C A
job_1,1,439,gold ; MVN-CC-ours ; Am-ours,OLS,(Intercept),1000,5,100,norm,1B,MVN-CC-ours,-0.100779325142754,-0.373323574002926,0.171764923717419,0.545088497720345,,0,A ~ 1,A1 ~ 1,0.506,C A
job_1,1,439,gold ; MVN-CC-ours ; Am-ours,OLS,(Intercept),1000,5,100,norm,1B,Am-ours,-0.103970514335568,-0.279746703096126,0.071805674424989,0.351552377521115,,0,A ~ 1,A1 ~ 1,0.506,C A
job_1,1,440,gold ; MVN-CC-ours ; Am-ours,OLS,(Intercept),1000,5,100,norm,1B,gold,-0.0717596439019777,-0.213786018859939,0.0702667310559833,0.284052749915922,,0,A ~ 1,A1 ~ 1,0.512,C A
job_1,1,440,gold ; MVN-CC-ours ; Am-ours,OLS,(Intercept),1000,5,100,norm,1B,MVN-CC-ours,-0.050229504575027,-0.254457025725497,0.153998016575443,0.40845504230094,,0,A ~ 1,A1 ~ 1,0.512,C A
job_1,1,440,gold ; MVN-CC-ours ; Am-ours,OLS,(Intercept),1000,5,100,norm,1B,Am-ours,-0.0951016977409926,-0.3471807084924,0.156977313010415,0.504158021502815,,0,A ~ 1,A1 ~ 1,0.512,C A
job_1,1,441,gold ; MVN-CC-ours ; Am-ours,OLS,(Intercept),1000,5,100,norm,1B,gold,-0.0153441610954206,-0.156096829768464,0.125408507577623,0.281505337346086,,0,A ~ 1,A1 ~ 1,0.506,C A
job_1,1,441,gold ; MVN-CC-ours ; Am-ours,OLS,(Intercept),1000,5,100,norm,1B,MVN-CC-ours,0.0422506201145514,-0.125862129486409,0.210363369715512,0.336225499201921,,0,A ~ 1,A1 ~ 1,0.506,C A
job_1,1,441,gold ; MVN-CC-ours ; Am-ours,OLS,(Intercept),1000,5,100,norm,1B,Am-ours,0.117745292025438,-0.156088927083281,0.391579511134157,0.547668438217438,,0,A ~ 1,A1 ~ 1,0.506,C A
job_1,1,442,gold ; MVN-CC-ours ; Am-ours,OLS,(Intercept),1000,5,100,norm,1B,gold,-0.0144204558227758,-0.151100223332603,0.122259311687051,0.273359535019654,,0,A ~ 1,A1 ~ 1,0.491,C A
job_1,1,442,gold ; MVN-CC-ours ; Am-ours,OLS,(Intercept),1000,5,100,norm,1B,MVN-CC-ours,0.141474376239845,-0.0458933590809953,0.328842111560684,0.37473547064168,,0,A ~ 1,A1 ~ 1,0.491,C A
job_1,1,442,gold ; MVN-CC-ours ; Am-ours,OLS,(Intercept),1000,5,100,norm,1B,Am-ours,0.115058013742142,-0.0650658903074523,0.295181917791737,0.36024780809919,,0,A ~ 1,A1 ~ 1,0.491,C A
job_1,1,443,gold ; MVN-CC-ours ; Am-ours,OLS,(Intercept),1000,5,100,norm,1B,gold,0.0758784398111147,-0.0620287536121998,0.213785633234429,0.275814386846629,,0,A ~ 1,A1 ~ 1,0.488,C A
job_1,1,443,gold ; MVN-CC-ours ; Am-ours,OLS,(Intercept),1000,5,100,norm,1B,MVN-CC-ours,-0.0217113491006937,-0.227917696628003,0.184494998426616,0.412412695054619,,0,A ~ 1,A1 ~ 1,0.488,C A
job_1,1,443,gold ; MVN-CC-ours ; Am-ours,OLS,(Intercept),1000,5,100,norm,1B,Am-ours,0.0665363201348135,-0.0980283444265239,0.231100984696151,0.329129329122675,,0,A ~ 1,A1 ~ 1,0.488,C A
job_1,1,444,gold ; MVN-CC-ours ; Am-ours,OLS,(Intercept),1000,5,100,norm,1B,gold,-0.0150687738767844,-0.16105667829653,0.130919130542961,0.291975808839492,,0,A ~ 1,A1 ~ 1,0.472,C A
job_1,1,444,gold ; MVN-CC-ours ; Am-ours,OLS,(Intercept),1000,5,100,norm,1B,MVN-CC-ours,-0.0073287714707899,-0.197878880514237,0.183221337572657,0.381100218086893,,0,A ~ 1,A1 ~ 1,0.472,C A
job_1,1,444,gold ; MVN-CC-ours ; Am-ours,OLS,(Intercept),1000,5,100,norm,1B,Am-ours,0.000931117922812512,-0.157205168735899,0.159067404581524,0.316272573317422,,0,A ~ 1,A1 ~ 1,0.472,C A
job_1,1,445,gold ; MVN-CC-ours ; Am-ours,OLS,(Intercept),1000,5,100,norm,1B,gold,-0.124273764303425,-0.26985354957071,0.0213060209638606,0.29115957053457,,0,A ~ 1,A1 ~ 1,0.494,C A
job_1,1,445,gold ; MVN-CC-ours ; Am-ours,OLS,(Intercept),1000,5,100,norm,1B,MVN-CC-ours,-0.158050768778419,-0.452895076330646,0.136793538773808,0.589688615104453,,0,A ~ 1,A1 ~ 1,0.494,C A
job_1,1,445,gold ; MVN-CC-ours ; Am-ours,OLS,(Intercept),1000,5,100,norm,1B,Am-ours,-0.229352095716971,-0.523757536712829,0.065053345278886,0.588810881991715,,0,A ~ 1,A1 ~ 1,0.494,C A
job_1,1,446,gold ; MVN-CC-ours ; Am-ours,OLS,(Intercept),1000,5,100,norm,1B,gold,-0.0241700913037074,-0.166662377525592,0.118322194918177,0.284984572443769,,0,A ~ 1,A1 ~ 1,0.492,C A
job_1,1,446,gold ; MVN-CC-ours ; Am-ours,OLS,(Intercept),1000,5,100,norm,1B,MVN-CC-ours,0.00931176665724053,-0.188298339265796,0.206921872580277,0.395220211846072,,0,A ~ 1,A1 ~ 1,0.492,C A
job_1,1,446,gold ; MVN-CC-ours ; Am-ours,OLS,(Intercept),1000,5,100,norm,1B,Am-ours,-0.0236064758428834,-0.209318570980746,0.162105619294979,0.371424190275726,,0,A ~ 1,A1 ~ 1,0.492,C A
job_1,1,447,gold ; MVN-CC-ours ; Am-ours,OLS,(Intercept),1000,5,100,norm,1B,gold,0.140559744051549,0.00456902742517751,0.27655046067792,0.271981433252743,,0,A ~ 1,A1 ~ 1,0.541,C A
job_1,1,447,gold ; MVN-CC-ours ; Am-ours,OLS,(Intercept),1000,5,100,norm,1B,MVN-CC-ours,0.071855906780503,-0.234383064224912,0.378094877785917,0.612477942010829,,0,A ~ 1,A1 ~ 1,0.541,C A
job_1,1,447,gold ; MVN-CC-ours ; Am-ours,OLS,(Intercept),1000,5,100,norm,1B,Am-ours,0.120806984781244,-0.0367809502607318,0.278394919823219,0.315175870083951,,0,A ~ 1,A1 ~ 1,0.541,C A
job_1,1,448,gold ; MVN-CC-ours ; Am-ours,OLS,(Intercept),1000,5,100,norm,1B,gold,-0.148434371635467,-0.280575096379531,-0.0162936468914036,0.264281449488127,,0,A ~ 1,A1 ~ 1,0.473,C A
job_1,1,448,gold ; MVN-CC-ours ; Am-ours,OLS,(Intercept),1000,5,100,norm,1B,MVN-CC-ours,-0.117922335992186,-0.295917017139851,0.0600723451554785,0.35598936229533,,0,A ~ 1,A1 ~ 1,0.473,C A
job_1,1,448,gold ; MVN-CC-ours ; Am-ours,OLS,(Intercept),1000,5,100,norm,1B,Am-ours,-0.155339345543587,-0.375834324860078,0.0651556337729044,0.440989958632983,,0,A ~ 1,A1 ~ 1,0.473,C A
job_1,1,449,gold ; MVN-CC-ours ; Am-ours,OLS,(Intercept),1000,5,100,norm,1B,gold,0.0601732633226211,-0.0768439832007839,0.197190509846026,0.27403449304681,,0,A ~ 1,A1 ~ 1,0.515,C A
job_1,1,449,gold ; MVN-CC-ours ; Am-ours,OLS,(Intercept),1000,5,100,norm,1B,MVN-CC-ours,0.107196806426839,-0.0986174269505126,0.313011039804191,0.411628466754703,,0,A ~ 1,A1 ~ 1,0.515,C A
job_1,1,449,gold ; MVN-CC-ours ; Am-ours,OLS,(Intercept),1000,5,100,norm,1B,Am-ours,0.0876473501413111,-0.107725337249789,0.283020037532411,0.3907453747822,,0,A ~ 1,A1 ~ 1,0.515,C A
job_1,1,450,gold ; MVN-CC-ours ; Am-ours,OLS,(Intercept),1000,5,100,norm,1B,gold,0.0921487797840494,-0.0459641513013546,0.230261710869453,0.276225862170808,,0,A ~ 1,A1 ~ 1,0.497,C A
job_1,1,450,gold ; MVN-CC-ours ; Am-ours,OLS,(Intercept),1000,5,100,norm,1B,MVN-CC-ours,-0.0443386724550233,-0.23097408977666,0.142296744866613,0.373270834643273,,0,A ~ 1,A1 ~ 1,0.497,C A
job_1,1,450,gold ; MVN-CC-ours ; Am-ours,OLS,(Intercept),1000,5,100,norm,1B,Am-ours,-0.0574634497200644,-0.311626196243252,0.196699296803123,0.508325493046375,,0,A ~ 1,A1 ~ 1,0.497,C A
job_1,1,451,gold ; MVN-CC-ours ; Am-ours,OLS,(Intercept),1000,5,100,norm,1B,gold,-0.0237295291990539,-0.163779396983334,0.116320338585226,0.280099735568561,,0,A ~ 1,A1 ~ 1,0.486,C A
job_1,1,451,gold ; MVN-CC-ours ; Am-ours,OLS,(Intercept),1000,5,100,norm,1B,MVN-CC-ours,0.0211836383392099,-0.165820621443111,0.208187898121531,0.374008519564642,,0,A ~ 1,A1 ~ 1,0.486,C A
job_1,1,451,gold ; MVN-CC-ours ; Am-ours,OLS,(Intercept),1000,5,100,norm,1B,Am-ours,0.0287684048260547,-0.241012462277458,0.298549271929568,0.539561734207026,,0,A ~ 1,A1 ~ 1,0.486,C A
job_1,1,452,gold ; MVN-CC-ours ; Am-ours,OLS,(Intercept),1000,5,100,norm,1B,gold,0.0196615197618399,-0.116766183697094,0.156089223220774,0.272855406917867,,0,A ~ 1,A1 ~ 1,0.476,C A
job_1,1,452,gold ; MVN-CC-ours ; Am-ours,OLS,(Intercept),1000,5,100,norm,1B,MVN-CC-ours,-0.153400372955204,-0.34457884945236,0.0377781035419527,0.382356952994313,,0,A ~ 1,A1 ~ 1,0.476,C A
job_1,1,452,gold ; MVN-CC-ours ; Am-ours,OLS,(Intercept),1000,5,100,norm,1B,Am-ours,-0.0608847910486341,-0.269291668592778,0.14752208649551,0.416813755088288,,0,A ~ 1,A1 ~ 1,0.476,C A
job_1,1,453,gold ; MVN-CC-ours ; Am-ours,OLS,(Intercept),1000,5,100,norm,1B,gold,-0.0730977952200494,-0.212336483042473,0.066140892602374,0.278477375644847,,0,A ~ 1,A1 ~ 1,0.487,C A
job_1,1,453,gold ; MVN-CC-ours ; Am-ours,OLS,(Intercept),1000,5,100,norm,1B,MVN-CC-ours,-0.0362780128407751,-0.297062953220175,0.224506927538625,0.5215698807588,,0,A ~ 1,A1 ~ 1,0.487,C A
job_1,1,453,gold ; MVN-CC-ours ; Am-ours,OLS,(Intercept),1000,5,100,norm,1B,Am-ours,-0.0143698621871367,-0.291643643041686,0.262903918667413,0.554547561709099,,0,A ~ 1,A1 ~ 1,0.487,C A
job_1,1,454,gold ; MVN-CC-ours ; Am-ours,OLS,(Intercept),1000,5,100,norm,1B,gold,-0.0802343802987684,-0.223049753724845,0.0625809931273083,0.285630746852153,,0,A ~ 1,A1 ~ 1,0.491,C A
job_1,1,454,gold ; MVN-CC-ours ; Am-ours,OLS,(Intercept),1000,5,100,norm,1B,MVN-CC-ours,-0.0474314216626641,-0.240117324910428,0.1452544815851,0.385371806495529,,0,A ~ 1,A1 ~ 1,0.491,C A
job_1,1,454,gold ; MVN-CC-ours ; Am-ours,OLS,(Intercept),1000,5,100,norm,1B,Am-ours,-0.0396271013275658,-0.200213485050229,0.120959282395098,0.321172767445327,,0,A ~ 1,A1 ~ 1,0.491,C A
job_1,1,455,gold ; MVN-CC-ours ; Am-ours,OLS,(Intercept),1000,5,100,norm,1B,gold,0.0614417475646848,-0.0783980125918409,0.201281507721211,0.279679520313051,,0,A ~ 1,A1 ~ 1,0.519,C A
job_1,1,455,gold ; MVN-CC-ours ; Am-ours,OLS,(Intercept),1000,5,100,norm,1B,MVN-CC-ours,-0.0279292793230066,-0.218237917509277,0.162379358863264,0.380617276372541,,0,A ~ 1,A1 ~ 1,0.519,C A
job_1,1,455,gold ; MVN-CC-ours ; Am-ours,OLS,(Intercept),1000,5,100,norm,1B,Am-ours,0.0119838084928197,-0.275501087968651,0.299468704954291,0.574969792922942,,0,A ~ 1,A1 ~ 1,0.519,C A
job_1,1,456,gold ; MVN-CC-ours ; Am-ours,OLS,(Intercept),1000,5,100,norm,1B,gold,0.00134357770933195,-0.132904315977909,0.135591471396573,0.268495787374483,,0,A ~ 1,A1 ~ 1,0.53,C A
job_1,1,456,gold ; MVN-CC-ours ; Am-ours,OLS,(Intercept),1000,5,100,norm,1B,MVN-CC-ours,0.123224567044729,-0.0490623203090134,0.295511454398472,0.344573774707485,,0,A ~ 1,A1 ~ 1,0.53,C A
job_1,1,456,gold ; MVN-CC-ours ; Am-ours,OLS,(Intercept),1000,5,100,norm,1B,Am-ours,0.0882108821580921,-0.113734637157501,0.290156401473686,0.403891038631187,,0,A ~ 1,A1 ~ 1,0.53,C A
job_1,1,457,gold ; MVN-CC-ours ; Am-ours,OLS,(Intercept),1000,5,100,norm,1B,gold,0.0385833614169898,-0.0996519665181947,0.176818689352174,0.276470655870369,,0,A ~ 1,A1 ~ 1,0.506,C A
job_1,1,457,gold ; MVN-CC-ours ; Am-ours,OLS,(Intercept),1000,5,100,norm,1B,MVN-CC-ours,0.10210350182144,-0.175982368612613,0.380189372255494,0.556171740868107,,0,A ~ 1,A1 ~ 1,0.506,C A
job_1,1,457,gold ; MVN-CC-ours ; Am-ours,OLS,(Intercept),1000,5,100,norm,1B,Am-ours,0.109754888648873,-0.124835966806773,0.34434574410452,0.469181710911293,,0,A ~ 1,A1 ~ 1,0.506,C A
job_1,1,458,gold ; MVN-CC-ours ; Am-ours,OLS,(Intercept),1000,5,100,norm,1B,gold,0.020137422716233,-0.117583648065138,0.157858493497604,0.275442141562742,,0,A ~ 1,A1 ~ 1,0.515,C A
job_1,1,458,gold ; MVN-CC-ours ; Am-ours,OLS,(Intercept),1000,5,100,norm,1B,MVN-CC-ours,0.0359301797111865,-0.185982611788122,0.257842971210495,0.443825582998618,,0,A ~ 1,A1 ~ 1,0.515,C A
job_1,1,458,gold ; MVN-CC-ours ; Am-ours,OLS,(Intercept),1000,5,100,norm,1B,Am-ours,0.0374593791593854,-0.137984098355579,0.212902856674349,0.350886955029928,,0,A ~ 1,A1 ~ 1,0.515,C A
job_1,1,459,gold ; MVN-CC-ours ; Am-ours,OLS,(Intercept),1000,5,100,norm,1B,gold,0.0568560834654406,-0.0802749702017542,0.193987137132635,0.27426210733439,,0,A ~ 1,A1 ~ 1,0.522,C A
job_1,1,459,gold ; MVN-CC-ours ; Am-ours,OLS,(Intercept),1000,5,100,norm,1B,MVN-CC-ours,0.120931953437124,-0.0360447727686129,0.27790867964286,0.313953452411473,,0,A ~ 1,A1 ~ 1,0.522,C A
job_1,1,459,gold ; MVN-CC-ours ; Am-ours,OLS,(Intercept),1000,5,100,norm,1B,Am-ours,0.110089956280088,-0.142637309269044,0.362817221829221,0.505454531098266,,0,A ~ 1,A1 ~ 1,0.522,C A
job_1,1,460,gold ; MVN-CC-ours ; Am-ours,OLS,(Intercept),1000,5,100,norm,1B,gold,0.0310536239290957,-0.114338148709215,0.176445396567406,0.290783545276621,,0,A ~ 1,A1 ~ 1,0.498,C A
job_1,1,460,gold ; MVN-CC-ours ; Am-ours,OLS,(Intercept),1000,5,100,norm,1B,MVN-CC-ours,-0.0215499053699677,-0.430013992683414,0.386914181943479,0.816928174626893,,0,A ~ 1,A1 ~ 1,0.498,C A
job_1,1,460,gold ; MVN-CC-ours ; Am-ours,OLS,(Intercept),1000,5,100,norm,1B,Am-ours,-0.0188033451543143,-0.190919048784772,0.153312358476143,0.344231407260915,,0,A ~ 1,A1 ~ 1,0.498,C A
job_1,1,461,gold ; MVN-CC-ours ; Am-ours,OLS,(Intercept),1000,5,100,norm,1B,gold,0.197975757555845,0.0604975466956357,0.335453968416054,0.274956421720418,,0,A ~ 1,A1 ~ 1,0.512,C A
job_1,1,461,gold ; MVN-CC-ours ; Am-ours,OLS,(Intercept),1000,5,100,norm,1B,MVN-CC-ours,0.21297349751723,-0.0414778593049482,0.467424854339409,0.508902713644357,,0,A ~ 1,A1 ~ 1,0.512,C A
job_1,1,461,gold ; MVN-CC-ours ; Am-ours,OLS,(Intercept),1000,5,100,norm,1B,Am-ours,0.272075709909517,0.122144224180576,0.422007195638458,0.299862971457881,,0,A ~ 1,A1 ~ 1,0.512,C A
job_1,1,462,gold ; MVN-CC-ours ; Am-ours,OLS,(Intercept),1000,5,100,norm,1B,gold,0.107503091839612,-0.0319116781777114,0.246917861856936,0.278829540034648,,0,A ~ 1,A1 ~ 1,0.49,C A
job_1,1,462,gold ; MVN-CC-ours ; Am-ours,OLS,(Intercept),1000,5,100,norm,1B,MVN-CC-ours,0.105228852456045,-0.133241414384277,0.343699119296366,0.476940533680643,,0,A ~ 1,A1 ~ 1,0.49,C A
job_1,1,462,gold ; MVN-CC-ours ; Am-ours,OLS,(Intercept),1000,5,100,norm,1B,Am-ours,0.059929447647047,-0.177395869489964,0.297254764784058,0.474650634274022,,0,A ~ 1,A1 ~ 1,0.49,C A
job_1,1,463,gold ; MVN-CC-ours ; Am-ours,OLS,(Intercept),1000,5,100,norm,1B,gold,-0.0722753547668657,-0.213823494987067,0.0692727854533358,0.283096280440403,,0,A ~ 1,A1 ~ 1,0.511,C A
job_1,1,463,gold ; MVN-CC-ours ; Am-ours,OLS,(Intercept),1000,5,100,norm,1B,MVN-CC-ours,0.00155964145080381,-0.366546111202915,0.369665394104523,0.736211505307438,,0,A ~ 1,A1 ~ 1,0.511,C A
job_1,1,463,gold ; MVN-CC-ours ; Am-ours,OLS,(Intercept),1000,5,100,norm,1B,Am-ours,-0.0508894219747488,-0.200322323577364,0.0985434796278662,0.29886580320523,,0,A ~ 1,A1 ~ 1,0.511,C A
job_1,1,464,gold ; MVN-CC-ours ; Am-ours,OLS,(Intercept),1000,5,100,norm,1B,gold,0.0186777706711007,-0.11957348851449,0.156929029856691,0.276502518371181,,0,A ~ 1,A1 ~ 1,0.507,C A
job_1,1,464,gold ; MVN-CC-ours ; Am-ours,OLS,(Intercept),1000,5,100,norm,1B,MVN-CC-ours,0.0744078135875644,-0.283275993068451,0.43209162024358,0.715367613312031,,0,A ~ 1,A1 ~ 1,0.507,C A
job_1,1,464,gold ; MVN-CC-ours ; Am-ours,OLS,(Intercept),1000,5,100,norm,1B,Am-ours,0.0625697222224775,-0.208647477592977,0.333786922037932,0.542434399630908,,0,A ~ 1,A1 ~ 1,0.507,C A
job_1,1,465,gold ; MVN-CC-ours ; Am-ours,OLS,(Intercept),1000,5,100,norm,1B,gold,0.0103835429680931,-0.13653722493921,0.157304310875396,0.293841535814606,,0,A ~ 1,A1 ~ 1,0.479,C A
job_1,1,465,gold ; MVN-CC-ours ; Am-ours,OLS,(Intercept),1000,5,100,norm,1B,MVN-CC-ours,0.137090656614489,-0.125602359341948,0.399783672570925,0.525386031912874,,0,A ~ 1,A1 ~ 1,0.479,C A
job_1,1,465,gold ; MVN-CC-ours ; Am-ours,OLS,(Intercept),1000,5,100,norm,1B,Am-ours,0.0599531924614556,-0.197204534604584,0.317110919527495,0.514315454132079,,0,A ~ 1,A1 ~ 1,0.479,C A
job_1,1,466,gold ; MVN-CC-ours ; Am-ours,OLS,(Intercept),1000,5,100,norm,1B,gold,0.121639866639172,-0.0195734773047148,0.262853210583059,0.282426687887774,,0,A ~ 1,A1 ~ 1,0.492,C A
job_1,1,466,gold ; MVN-CC-ours ; Am-ours,OLS,(Intercept),1000,5,100,norm,1B,MVN-CC-ours,0.122076554196831,-0.109090480273667,0.353243588667329,0.462334068940995,,0,A ~ 1,A1 ~ 1,0.492,C A
job_1,1,466,gold ; MVN-CC-ours ; Am-ours,OLS,(Intercept),1000,5,100,norm,1B,Am-ours,0.0825613160115376,-0.13933554224526,0.304458174268336,0.443793716513596,,0,A ~ 1,A1 ~ 1,0.492,C A
job_1,1,467,gold ; MVN-CC-ours ; Am-ours,OLS,(Intercept),1000,5,100,norm,1B,gold,-0.098697614761876,-0.237390375182151,0.039995145658399,0.27738552084055,,0,A ~ 1,A1 ~ 1,0.497,C A
job_1,1,467,gold ; MVN-CC-ours ; Am-ours,OLS,(Intercept),1000,5,100,norm,1B,MVN-CC-ours,0.00301934277393913,-0.152388046701815,0.158426732249693,0.310814778951508,,0,A ~ 1,A1 ~ 1,0.497,C A
job_1,1,467,gold ; MVN-CC-ours ; Am-ours,OLS,(Intercept),1000,5,100,norm,1B,Am-ours,-0.0951351128494154,-0.325511315843954,0.135241090145123,0.460752405989077,,0,A ~ 1,A1 ~ 1,0.497,C A
job_1,1,468,gold ; MVN-CC-ours ; Am-ours,OLS,(Intercept),1000,5,100,norm,1B,gold,0.0339614081490701,-0.11020379641958,0.178126612717721,0.288330409137301,,0,A ~ 1,A1 ~ 1,0.486,C A
job_1,1,468,gold ; MVN-CC-ours ; Am-ours,OLS,(Intercept),1000,5,100,norm,1B,MVN-CC-ours,0.0565789975180259,-0.108211881094907,0.221369876130959,0.329581757225866,,0,A ~ 1,A1 ~ 1,0.486,C A
job_1,1,468,gold ; MVN-CC-ours ; Am-ours,OLS,(Intercept),1000,5,100,norm,1B,Am-ours,0.0398010247280875,-0.15420103269516,0.233803082151335,0.388004114846496,,0,A ~ 1,A1 ~ 1,0.486,C A
job_1,1,469,gold ; MVN-CC-ours ; Am-ours,OLS,(Intercept),1000,5,100,norm,1B,gold,0.0232788854029288,-0.116634572633518,0.163192343439376,0.279826916072894,,0,A ~ 1,A1 ~ 1,0.494,C A
job_1,1,469,gold ; MVN-CC-ours ; Am-ours,OLS,(Intercept),1000,5,100,norm,1B,MVN-CC-ours,0.162296564819827,-0.0423931807889088,0.366986310428563,0.409379491217471,,0,A ~ 1,A1 ~ 1,0.494,C A
job_1,1,469,gold ; MVN-CC-ours ; Am-ours,OLS,(Intercept),1000,5,100,norm,1B,Am-ours,0.137504587299603,-0.171125961457421,0.446135136056628,0.61726109751405,,0,A ~ 1,A1 ~ 1,0.494,C A
job_1,1,470,gold ; MVN-CC-ours ; Am-ours,OLS,(Intercept),1000,5,100,norm,1B,gold,-0.0352457876863808,-0.172937799599716,0.102446224226955,0.275384023826671,,0,A ~ 1,A1 ~ 1,0.514,C A
job_1,1,470,gold ; MVN-CC-ours ; Am-ours,OLS,(Intercept),1000,5,100,norm,1B,MVN-CC-ours,0.0157812570183985,-0.224423911467638,0.255986425504435,0.480410336972074,,0,A ~ 1,A1 ~ 1,0.514,C A
job_1,1,470,gold ; MVN-CC-ours ; Am-ours,OLS,(Intercept),1000,5,100,norm,1B,Am-ours,0.0647376930480364,-0.148933280851525,0.278408666947597,0.427341947799122,,0,A ~ 1,A1 ~ 1,0.514,C A
job_1,1,471,gold ; MVN-CC-ours ; Am-ours,OLS,(Intercept),1000,5,100,norm,1B,gold,-0.105357550955696,-0.240704641575983,0.0299895396645908,0.270694181240573,,0,A ~ 1,A1 ~ 1,0.466,C A
job_1,1,471,gold ; MVN-CC-ours ; Am-ours,OLS,(Intercept),1000,5,100,norm,1B,MVN-CC-ours,-0.0578165959968321,-0.257375187084582,0.141741995090918,0.399117182175501,,0,A ~ 1,A1 ~ 1,0.466,C A
job_1,1,471,gold ; MVN-CC-ours ; Am-ours,OLS,(Intercept),1000,5,100,norm,1B,Am-ours,-0.0799919493477809,-0.422549057950998,0.262565159255437,0.685114217206435,,0,A ~ 1,A1 ~ 1,0.466,C A
job_1,1,472,gold ; MVN-CC-ours ; Am-ours,OLS,(Intercept),1000,5,100,norm,1B,gold,0.0395458463796653,-0.0973070891021886,0.176398781861519,0.273705870963708,,0,A ~ 1,A1 ~ 1,0.478,C A
job_1,1,472,gold ; MVN-CC-ours ; Am-ours,OLS,(Intercept),1000,5,100,norm,1B,MVN-CC-ours,-0.100364452448784,-0.270125874047197,0.0693969691496284,0.339522843196826,,0,A ~ 1,A1 ~ 1,0.478,C A
job_1,1,472,gold ; MVN-CC-ours ; Am-ours,OLS,(Intercept),1000,5,100,norm,1B,Am-ours,-0.0648601176083211,-0.216525675272839,0.0868054400561966,0.303331115329035,,0,A ~ 1,A1 ~ 1,0.478,C A
job_1,1,473,gold ; MVN-CC-ours ; Am-ours,OLS,(Intercept),1000,5,100,norm,1B,gold,0.0584547074066043,-0.0788811077751361,0.195790522588345,0.274671630363481,,0,A ~ 1,A1 ~ 1,0.517,C A
job_1,1,473,gold ; MVN-CC-ours ; Am-ours,OLS,(Intercept),1000,5,100,norm,1B,MVN-CC-ours,0.174250464987007,-0.0318069017420016,0.380307831716015,0.412114733458016,,0,A ~ 1,A1 ~ 1,0.517,C A
job_1,1,473,gold ; MVN-CC-ours ; Am-ours,OLS,(Intercept),1000,5,100,norm,1B,Am-ours,0.167868364922576,-0.103165656769033,0.438902386614185,0.542068043383218,,0,A ~ 1,A1 ~ 1,0.517,C A
job_1,1,474,gold ; MVN-CC-ours ; Am-ours,OLS,(Intercept),1000,5,100,norm,1B,gold,-0.0871546821838411,-0.224827911367158,0.0505185469994755,0.275346458366633,,0,A ~ 1,A1 ~ 1,0.515,C A
job_1,1,474,gold ; MVN-CC-ours ; Am-ours,OLS,(Intercept),1000,5,100,norm,1B,MVN-CC-ours,-0.0378467437954515,-0.332552575620268,0.256859088029365,0.589411663649632,,0,A ~ 1,A1 ~ 1,0.515,C A
job_1,1,474,gold ; MVN-CC-ours ; Am-ours,OLS,(Intercept),1000,5,100,norm,1B,Am-ours,-0.0542066453019044,-0.317484381118349,0.20907109051454,0.52655547163289,,0,A ~ 1,A1 ~ 1,0.515,C A
job_1,1,475,gold ; MVN-CC-ours ; Am-ours,OLS,(Intercept),1000,5,100,norm,1B,gold,0.0449385508588212,-0.0932941285679262,0.183171230285569,0.276465358853495,,0,A ~ 1,A1 ~ 1,0.465,C A
job_1,1,475,gold ; MVN-CC-ours ; Am-ours,OLS,(Intercept),1000,5,100,norm,1B,MVN-CC-ours,0.0905805907642354,-0.133807283069555,0.314968464598026,0.448775747667582,,0,A ~ 1,A1 ~ 1,0.465,C A
job_1,1,475,gold ; MVN-CC-ours ; Am-ours,OLS,(Intercept),1000,5,100,norm,1B,Am-ours,0.0897579532809668,-0.122526412209615,0.302042318771548,0.424568730981163,,0,A ~ 1,A1 ~ 1,0.465,C A
job_1,1,476,gold ; MVN-CC-ours ; Am-ours,OLS,(Intercept),1000,5,100,norm,1B,gold,-0.0880860283827821,-0.228539261259831,0.0523672044942668,0.280906465754098,,0,A ~ 1,A1 ~ 1,0.518,C A
job_1,1,476,gold ; MVN-CC-ours ; Am-ours,OLS,(Intercept),1000,5,100,norm,1B,MVN-CC-ours,0.0276698076755373,-0.126375834422817,0.181715449773892,0.308091284196709,,0,A ~ 1,A1 ~ 1,0.518,C A
job_1,1,476,gold ; MVN-CC-ours ; Am-ours,OLS,(Intercept),1000,5,100,norm,1B,Am-ours,-0.00102701797134831,-0.154921249942297,0.1528672139996,0.307788463941897,,0,A ~ 1,A1 ~ 1,0.518,C A
job_1,1,477,gold ; MVN-CC-ours ; Am-ours,OLS,(Intercept),1000,5,100,norm,1B,gold,0.0673131676971229,-0.0686108706106944,0.20323720600494,0.271848076615635,,0,A ~ 1,A1 ~ 1,0.495,C A
job_1,1,477,gold ; MVN-CC-ours ; Am-ours,OLS,(Intercept),1000,5,100,norm,1B,MVN-CC-ours,0.0668382012831345,-0.110547496635597,0.244223899201866,0.354771395837463,,0,A ~ 1,A1 ~ 1,0.495,C A
job_1,1,477,gold ; MVN-CC-ours ; Am-ours,OLS,(Intercept),1000,5,100,norm,1B,Am-ours,0.126260315867796,-0.0929511217126889,0.345471753448282,0.43842287516097,,0,A ~ 1,A1 ~ 1,0.495,C A
job_1,1,478,gold ; MVN-CC-ours ; Am-ours,OLS,(Intercept),1000,5,100,norm,1B,gold,0.0194947335927362,-0.116813860312998,0.15580332749847,0.272617187811468,,0,A ~ 1,A1 ~ 1,0.485,C A
job_1,1,478,gold ; MVN-CC-ours ; Am-ours,OLS,(Intercept),1000,5,100,norm,1B,MVN-CC-ours,-0.0996224053493732,-0.406520602193584,0.207275791494838,0.613796393688422,,0,A ~ 1,A1 ~ 1,0.485,C A
job_1,1,478,gold ; MVN-CC-ours ; Am-ours,OLS,(Intercept),1000,5,100,norm,1B,Am-ours,-0.0382556636883775,-0.449133177795789,0.372621850419034,0.821755028214823,,0,A ~ 1,A1 ~ 1,0.485,C A
job_1,1,479,gold ; MVN-CC-ours ; Am-ours,OLS,(Intercept),1000,5,100,norm,1B,gold,0.0767994262803851,-0.063074312076953,0.216673164637723,0.279747476714676,,0,A ~ 1,A1 ~ 1,0.493,C A
job_1,1,479,gold ; MVN-CC-ours ; Am-ours,OLS,(Intercept),1000,5,100,norm,1B,MVN-CC-ours,0.0471269111293984,-0.244627995048633,0.338881817307429,0.583509812356062,,0,A ~ 1,A1 ~ 1,0.493,C A
job_1,1,479,gold ; MVN-CC-ours ; Am-ours,OLS,(Intercept),1000,5,100,norm,1B,Am-ours,0.0626112804989266,-0.106248005587253,0.231470566585106,0.337718572172359,,0,A ~ 1,A1 ~ 1,0.493,C A
job_1,1,480,gold ; MVN-CC-ours ; Am-ours,OLS,(Intercept),1000,5,100,norm,1B,gold,0.00574410362827969,-0.137072991577004,0.148561198833564,0.285634190410568,,0,A ~ 1,A1 ~ 1,0.494,C A
job_1,1,480,gold ; MVN-CC-ours ; Am-ours,OLS,(Intercept),1000,5,100,norm,1B,MVN-CC-ours,0.0489177508956611,-0.291227643058323,0.389063144849645,0.680290787907969,,0,A ~ 1,A1 ~ 1,0.494,C A
job_1,1,480,gold ; MVN-CC-ours ; Am-ours,OLS,(Intercept),1000,5,100,norm,1B,Am-ours,-0.014436430937788,-0.276748070632378,0.247875208756802,0.52462327938918,,0,A ~ 1,A1 ~ 1,0.494,C A
job_1,1,481,gold ; MVN-CC-ours ; Am-ours,OLS,(Intercept),1000,5,100,norm,1B,gold,-0.0380949922665811,-0.17520379128169,0.0990138067485274,0.274217598030217,,0,A ~ 1,A1 ~ 1,0.496,C A
job_1,1,481,gold ; MVN-CC-ours ; Am-ours,OLS,(Intercept),1000,5,100,norm,1B,MVN-CC-ours,-0.126501293766139,-0.327294646101822,0.0742920585695438,0.401586704671366,,0,A ~ 1,A1 ~ 1,0.496,C A
job_1,1,481,gold ; MVN-CC-ours ; Am-ours,OLS,(Intercept),1000,5,100,norm,1B,Am-ours,-0.0272096670860587,-0.236216212939145,0.181796878767028,0.418013091706173,,0,A ~ 1,A1 ~ 1,0.496,C A
job_1,1,482,gold ; MVN-CC-ours ; Am-ours,OLS,(Intercept),1000,5,100,norm,1B,gold,0.0253393953092338,-0.116167839911714,0.166846630530182,0.283014470441896,,0,A ~ 1,A1 ~ 1,0.489,C A
job_1,1,482,gold ; MVN-CC-ours ; Am-ours,OLS,(Intercept),1000,5,100,norm,1B,MVN-CC-ours,0.114423018725424,-0.161244887204666,0.390090924655514,0.55133581186018,,0,A ~ 1,A1 ~ 1,0.489,C A
job_1,1,482,gold ; MVN-CC-ours ; Am-ours,OLS,(Intercept),1000,5,100,norm,1B,Am-ours,0.0640340324328026,-0.210714637583024,0.33878270244863,0.549497340031654,,0,A ~ 1,A1 ~ 1,0.489,C A
job_1,1,483,gold ; MVN-CC-ours ; Am-ours,OLS,(Intercept),1000,5,100,norm,1B,gold,-0.00847112580506899,-0.153199289829822,0.136257038219685,0.289456328049507,,0,A ~ 1,A1 ~ 1,0.499,C A
job_1,1,483,gold ; MVN-CC-ours ; Am-ours,OLS,(Intercept),1000,5,100,norm,1B,MVN-CC-ours,0.0605252198429816,-0.13693817258863,0.257988612274593,0.394926784863223,,0,A ~ 1,A1 ~ 1,0.499,C A
job_1,1,483,gold ; MVN-CC-ours ; Am-ours,OLS,(Intercept),1000,5,100,norm,1B,Am-ours,0.00680608776093927,-0.190979521812823,0.204591697334701,0.395571219147524,,0,A ~ 1,A1 ~ 1,0.499,C A
job_1,1,484,gold ; MVN-CC-ours ; Am-ours,OLS,(Intercept),1000,5,100,norm,1B,gold,0.0120406398246842,-0.123995856806805,0.148077136456173,0.272072993262978,,0,A ~ 1,A1 ~ 1,0.503,C A
job_1,1,484,gold ; MVN-CC-ours ; Am-ours,OLS,(Intercept),1000,5,100,norm,1B,MVN-CC-ours,0.0858105246766645,-0.0773942935041699,0.249015342857499,0.326409636361669,,0,A ~ 1,A1 ~ 1,0.503,C A
job_1,1,484,gold ; MVN-CC-ours ; Am-ours,OLS,(Intercept),1000,5,100,norm,1B,Am-ours,0.157999374105379,-0.0499882997695531,0.36598704798031,0.415975347749863,,0,A ~ 1,A1 ~ 1,0.503,C A
job_1,1,485,gold ; MVN-CC-ours ; Am-ours,OLS,(Intercept),1000,5,100,norm,1B,gold,0.0654359264842609,-0.0706984305504749,0.201570283518997,0.272268714069472,,0,A ~ 1,A1 ~ 1,0.462,C A
job_1,1,485,gold ; MVN-CC-ours ; Am-ours,OLS,(Intercept),1000,5,100,norm,1B,MVN-CC-ours,-0.039907549147952,-0.202848557180788,0.123033458884884,0.325882016065672,,0,A ~ 1,A1 ~ 1,0.462,C A
job_1,1,485,gold ; MVN-CC-ours ; Am-ours,OLS,(Intercept),1000,5,100,norm,1B,Am-ours,-0.00773073421024161,-0.192028267655985,0.176566799235502,0.368595066891487,,0,A ~ 1,A1 ~ 1,0.462,C A
job_1,1,486,gold ; MVN-CC-ours ; Am-ours,OLS,(Intercept),1000,5,100,norm,1B,gold,-0.116917346386314,-0.258312032561099,0.0244773397884714,0.28278937234957,,0,A ~ 1,A1 ~ 1,0.485,C A
job_1,1,486,gold ; MVN-CC-ours ; Am-ours,OLS,(Intercept),1000,5,100,norm,1B,MVN-CC-ours,-0.253985733509426,-0.44400572676582,-0.0639657402530323,0.380039986512788,,0,A ~ 1,A1 ~ 1,0.485,C A
job_1,1,486,gold ; MVN-CC-ours ; Am-ours,OLS,(Intercept),1000,5,100,norm,1B,Am-ours,-0.175007345998445,-0.442049014194004,0.0920343221971132,0.534083336391117,,0,A ~ 1,A1 ~ 1,0.485,C A
job_1,1,487,gold ; MVN-CC-ours ; Am-ours,OLS,(Intercept),1000,5,100,norm,1B,gold,-0.00962690900155974,-0.147418943723818,0.128165125720698,0.275584069444516,,0,A ~ 1,A1 ~ 1,0.5,C A
job_1,1,487,gold ; MVN-CC-ours ; Am-ours,OLS,(Intercept),1000,5,100,norm,1B,MVN-CC-ours,0.0233135268495502,-0.150868377507044,0.197495431206145,0.348363808713189,,0,A ~ 1,A1 ~ 1,0.5,C A
job_1,1,487,gold ; MVN-CC-ours ; Am-ours,OLS,(Intercept),1000,5,100,norm,1B,Am-ours,0.0162412694217219,-0.252813065203959,0.285295604047403,0.538108669251362,,0,A ~ 1,A1 ~ 1,0.5,C A
job_1,1,488,gold ; MVN-CC-ours ; Am-ours,OLS,(Intercept),1000,5,100,norm,1B,gold,0.0240017502193379,-0.114250571858867,0.162254072297542,0.276504644156409,,0,A ~ 1,A1 ~ 1,0.493,C A
job_1,1,488,gold ; MVN-CC-ours ; Am-ours,OLS,(Intercept),1000,5,100,norm,1B,MVN-CC-ours,0.100101061705507,-0.11817677717075,0.318378900581765,0.436555677752515,,0,A ~ 1,A1 ~ 1,0.493,C A
job_1,1,488,gold ; MVN-CC-ours ; Am-ours,OLS,(Intercept),1000,5,100,norm,1B,Am-ours,0.210375390726543,0.00255831155028249,0.418192469902804,0.415634158352522,,0,A ~ 1,A1 ~ 1,0.493,C A
job_1,1,489,gold ; MVN-CC-ours ; Am-ours,OLS,(Intercept),1000,5,100,norm,1B,gold,-0.0679036326199761,-0.204891071017411,0.0690838057774587,0.27397487679487,,0,A ~ 1,A1 ~ 1,0.483,C A
job_1,1,489,gold ; MVN-CC-ours ; Am-ours,OLS,(Intercept),1000,5,100,norm,1B,MVN-CC-ours,0.0278405043478251,-0.203885886594621,0.259566895290271,0.463452781884893,,0,A ~ 1,A1 ~ 1,0.483,C A
job_1,1,489,gold ; MVN-CC-ours ; Am-ours,OLS,(Intercept),1000,5,100,norm,1B,Am-ours,0.0435104496508178,-0.114197324792364,0.201218224093999,0.315415548886363,,0,A ~ 1,A1 ~ 1,0.483,C A
job_1,1,490,gold ; MVN-CC-ours ; Am-ours,OLS,(Intercept),1000,5,100,norm,1B,gold,-0.0396369237967432,-0.177409596561944,0.098135748968458,0.275545345530402,,0,A ~ 1,A1 ~ 1,0.484,C A
job_1,1,490,gold ; MVN-CC-ours ; Am-ours,OLS,(Intercept),1000,5,100,norm,1B,MVN-CC-ours,-0.114214865218651,-0.274992563073476,0.0465628326361743,0.32155539570965,,0,A ~ 1,A1 ~ 1,0.484,C A
job_1,1,490,gold ; MVN-CC-ours ; Am-ours,OLS,(Intercept),1000,5,100,norm,1B,Am-ours,-0.149535021461442,-0.412811512556908,0.113741469634025,0.526552982190933,,0,A ~ 1,A1 ~ 1,0.484,C A
job_1,1,491,gold ; MVN-CC-ours ; Am-ours,OLS,(Intercept),1000,5,100,norm,1B,gold,0.00262758711522024,-0.139372636943673,0.144627811174114,0.284000448117787,,0,A ~ 1,A1 ~ 1,0.521,C A
job_1,1,491,gold ; MVN-CC-ours ; Am-ours,OLS,(Intercept),1000,5,100,norm,1B,MVN-CC-ours,-0.0402044832543207,-0.209272020210081,0.128863053701439,0.33813507391152,,0,A ~ 1,A1 ~ 1,0.521,C A
job_1,1,491,gold ; MVN-CC-ours ; Am-ours,OLS,(Intercept),1000,5,100,norm,1B,Am-ours,0.0041928767239422,-0.197571058816343,0.205956812264228,0.403527871080571,,0,A ~ 1,A1 ~ 1,0.521,C A
job_1,1,492,gold ; MVN-CC-ours ; Am-ours,OLS,(Intercept),1000,5,100,norm,1B,gold,0.143666257000157,0.00500567274180075,0.282326841258513,0.277321168516713,,0,A ~ 1,A1 ~ 1,0.511,C A
job_1,1,492,gold ; MVN-CC-ours ; Am-ours,OLS,(Intercept),1000,5,100,norm,1B,MVN-CC-ours,0.0859910127526765,-0.192101441093336,0.364083466598689,0.556184907692025,,0,A ~ 1,A1 ~ 1,0.511,C A
job_1,1,492,gold ; MVN-CC-ours ; Am-ours,OLS,(Intercept),1000,5,100,norm,1B,Am-ours,0.0611207282279698,-0.0920156694391432,0.214257125895083,0.306272795334226,,0,A ~ 1,A1 ~ 1,0.511,C A
job_1,1,493,gold ; MVN-CC-ours ; Am-ours,OLS,(Intercept),1000,5,100,norm,1B,gold,-0.120343232344595,-0.25392912044067,0.0132426557514794,0.26717177619215,,0,A ~ 1,A1 ~ 1,0.523,C A
job_1,1,493,gold ; MVN-CC-ours ; Am-ours,OLS,(Intercept),1000,5,100,norm,1B,MVN-CC-ours,-0.181952968872765,-0.414583615268141,0.0506776775226099,0.465261292790751,,0,A ~ 1,A1 ~ 1,0.523,C A
job_1,1,493,gold ; MVN-CC-ours ; Am-ours,OLS,(Intercept),1000,5,100,norm,1B,Am-ours,-0.165029714104326,-0.343049891216168,0.0129904630075157,0.356040354223684,,0,A ~ 1,A1 ~ 1,0.523,C A
job_1,1,494,gold ; MVN-CC-ours ; Am-ours,OLS,(Intercept),1000,5,100,norm,1B,gold,0.0712576024380951,-0.0672615676016539,0.209776772477844,0.277038340079498,,0,A ~ 1,A1 ~ 1,0.527,C A
job_1,1,494,gold ; MVN-CC-ours ; Am-ours,OLS,(Intercept),1000,5,100,norm,1B,MVN-CC-ours,0.0256425243837054,-0.128531651504081,0.179816700271492,0.308348351775573,,0,A ~ 1,A1 ~ 1,0.527,C A
job_1,1,494,gold ; MVN-CC-ours ; Am-ours,OLS,(Intercept),1000,5,100,norm,1B,Am-ours,0.0809658406508094,-0.224681739835395,0.386613421137014,0.611295160972409,,0,A ~ 1,A1 ~ 1,0.527,C A
job_1,1,495,gold ; MVN-CC-ours ; Am-ours,OLS,(Intercept),1000,5,100,norm,1B,gold,0.118665343067423,-0.0162575535656379,0.253588239700484,0.269845793266122,,0,A ~ 1,A1 ~ 1,0.471,C A
job_1,1,495,gold ; MVN-CC-ours ; Am-ours,OLS,(Intercept),1000,5,100,norm,1B,MVN-CC-ours,0.145902997551259,-0.0213935626308576,0.313199557733377,0.334593120364234,,0,A ~ 1,A1 ~ 1,0.471,C A
job_1,1,495,gold ; MVN-CC-ours ; Am-ours,OLS,(Intercept),1000,5,100,norm,1B,Am-ours,0.108858440691833,-0.176078306337381,0.393795187721046,0.569873494058428,,0,A ~ 1,A1 ~ 1,0.471,C A
job_1,1,496,gold ; MVN-CC-ours ; Am-ours,OLS,(Intercept),1000,5,100,norm,1B,gold,0.133165377539669,-0.0056642565696885,0.271995011649026,0.277659268218714,,0,A ~ 1,A1 ~ 1,0.497,C A
job_1,1,496,gold ; MVN-CC-ours ; Am-ours,OLS,(Intercept),1000,5,100,norm,1B,MVN-CC-ours,0.172682994973299,-0.0211113028162625,0.36647729276286,0.387588595579122,,0,A ~ 1,A1 ~ 1,0.497,C A
job_1,1,496,gold ; MVN-CC-ours ; Am-ours,OLS,(Intercept),1000,5,100,norm,1B,Am-ours,0.245734313039062,0.0544393685351249,0.437029257543,0.382589889007875,,0,A ~ 1,A1 ~ 1,0.497,C A
job_1,1,497,gold ; MVN-CC-ours ; Am-ours,OLS,(Intercept),1000,5,100,norm,1B,gold,-0.106923212235473,-0.242501833521394,0.0286554090504473,0.271157242571841,,0,A ~ 1,A1 ~ 1,0.516,C A
job_1,1,497,gold ; MVN-CC-ours ; Am-ours,OLS,(Intercept),1000,5,100,norm,1B,MVN-CC-ours,-0.100204169447277,-0.336206468013113,0.135798129118559,0.472004597131673,,0,A ~ 1,A1 ~ 1,0.516,C A
job_1,1,497,gold ; MVN-CC-ours ; Am-ours,OLS,(Intercept),1000,5,100,norm,1B,Am-ours,-0.0298601196941672,-0.241291241751654,0.18157100236332,0.422862244114974,,0,A ~ 1,A1 ~ 1,0.516,C A
job_1,1,498,gold ; MVN-CC-ours ; Am-ours,OLS,(Intercept),1000,5,100,norm,1B,gold,-0.116279601960425,-0.257347091632802,0.0247878877119518,0.282134979344753,,0,A ~ 1,A1 ~ 1,0.521,C A
job_1,1,498,gold ; MVN-CC-ours ; Am-ours,OLS,(Intercept),1000,5,100,norm,1B,MVN-CC-ours,-0.268276126496767,-0.548903733490549,0.0123514804970146,0.561255213987563,,0,A ~ 1,A1 ~ 1,0.521,C A
job_1,1,498,gold ; MVN-CC-ours ; Am-ours,OLS,(Intercept),1000,5,100,norm,1B,Am-ours,-0.227348178764667,-0.531946535256563,0.0772501777272286,0.609196712983792,,0,A ~ 1,A1 ~ 1,0.521,C A
job_1,1,499,gold ; MVN-CC-ours ; Am-ours,OLS,(Intercept),1000,5,100,norm,1B,gold,0.062317086331514,-0.0803092164481279,0.204943389111156,0.285252605559284,,0,A ~ 1,A1 ~ 1,0.518,C A
job_1,1,499,gold ; MVN-CC-ours ; Am-ours,OLS,(Intercept),1000,5,100,norm,1B,MVN-CC-ours,0.107311783932693,-0.111282739501123,0.325906307366509,0.437189046867633,,0,A ~ 1,A1 ~ 1,0.518,C A
job_1,1,499,gold ; MVN-CC-ours ; Am-ours,OLS,(Intercept),1000,5,100,norm,1B,Am-ours,0.0980419571024279,-0.189403733202459,0.385487647407315,0.574891380609775,,0,A ~ 1,A1 ~ 1,0.518,C A
job_1,1,500,gold ; MVN-CC-ours ; Am-ours,OLS,(Intercept),1000,5,100,norm,1B,gold,-0.112390324280166,-0.252471947418281,0.0276912988579493,0.28016324627623,,0,A ~ 1,A1 ~ 1,0.499,C A
job_1,1,500,gold ; MVN-CC-ours ; Am-ours,OLS,(Intercept),1000,5,100,norm,1B,MVN-CC-ours,-0.0936648285051452,-0.366530436262918,0.179200779252628,0.545731215515546,,0,A ~ 1,A1 ~ 1,0.499,C A
job_1,1,500,gold ; MVN-CC-ours ; Am-ours,OLS,(Intercept),1000,5,100,norm,1B,Am-ours,-0.116982921687092,-0.340013249137845,0.106047405763661,0.446060654901506,,0,A ~ 1,A1 ~ 1,0.499,C A
